# Blender 5.1.1
# www.blender.org
mtllib GunDum.mtl
o オオトリビーム
v -0.344522 1.863544 0.021760
v -0.342894 1.863874 0.021216
v -0.343094 1.862398 0.022532
v -0.344323 1.865020 0.020444
v -0.330653 1.939973 0.109614
v -0.329025 1.940303 0.109069
v -0.329224 1.938827 0.110385
v -0.330454 1.941449 0.108298
vn 0.3444 -0.7346 0.5847
vn 0.9313 0.1889 -0.3114
vn 0.3444 -0.7345 0.5846
vn -0.3445 0.7345 -0.5846
vn -0.3444 0.7345 -0.5846
vn -0.9313 -0.1889 0.3113
vt 1.000000 1.000000
vt 1.000000 0.500000
vt 1.000000 0.000000
s 1
usemtl BEAM
f 3/1/1 2/2/2 6/2/2 7/1/3
f 2/2/2 4/3/4 8/3/5 6/2/2
f 1/2/6 5/2/6 8/3/5 4/3/4
f 3/1/1 7/1/3 5/2/6 1/2/6
o オオトリ装備
v 0.196535 1.468085 0.266323
v 0.252726 1.535568 0.280024
v 0.147464 1.518228 0.220594
v 0.203655 1.585711 0.234294
v 0.304960 1.418522 0.065763
v 0.361150 1.486004 0.079464
v 0.274999 1.449137 0.037843
v 0.331190 1.516620 0.051544
v 0.277024 1.428360 0.026331
v 0.353788 1.520551 0.045047
v 0.317200 1.418782 -0.091268
v 0.443147 1.275994 0.095494
v 0.483323 1.266416 -0.022105
v 0.560087 1.358606 -0.003389
v 0.467656 1.292663 0.096304
v 0.522724 1.358799 0.109731
v 0.503200 1.284189 -0.007739
v 0.558269 1.350325 0.005688
v 0.591684 1.295550 0.138441
v 0.627229 1.287076 0.034399
v 0.311640 1.419369 0.111470
v 0.352767 1.468761 0.121498
v 0.402945 1.367128 -0.005690
v 0.444073 1.416520 0.004338
v 0.250231 1.482121 0.054243
v 0.291358 1.531513 0.064270
v 0.329346 1.442337 -0.074278
v 0.370473 1.491729 -0.064250
v 0.332117 1.409071 0.078206
v 0.361574 1.387932 0.061517
v 0.402701 1.437324 0.071544
v 0.373244 1.458464 0.088234
v 0.404701 1.338527 -0.054838
v 0.481465 1.430717 -0.036122
v 0.342745 1.402199 -0.114358
v 0.399329 1.350301 -0.090800
v 0.248549 1.467397 0.056383
v 0.304740 1.534880 0.070084
v 0.297620 1.417253 0.102113
v 0.353811 1.484736 0.115814
v 0.573232 1.232009 0.137313
v 0.515708 1.204305 0.119917
v 0.608776 1.223536 0.033270
v 0.551252 1.195832 0.015874
v 0.393964 1.510973 -0.072552
v 0.519911 1.368184 0.114210
v 0.419509 1.494389 -0.095641
v 0.476093 1.442491 -0.072083
v 0.226557 1.396012 0.209183
v 0.203439 1.526220 0.363060
v 0.369727 1.597481 0.244909
v 0.276917 1.592166 0.344656
v 0.343423 1.500899 0.179910
v 0.195241 1.457669 0.305084
v 0.339248 1.519582 0.202961
v 0.214099 1.406819 0.198166
v 0.190981 1.537027 0.352044
v 0.357269 1.608288 0.233893
v 0.264458 1.602973 0.333640
v 0.330965 1.511706 0.168894
v 0.182782 1.468476 0.294068
v 0.188203 1.513802 0.332401
v 0.326790 1.530389 0.191945
v 0.262262 1.446596 0.254178
v 0.335656 1.512466 0.235795
v 0.350179 1.607874 0.241505
v 0.312165 1.650073 0.325893
v 0.286264 1.601815 0.307844
v 0.235437 1.458557 0.296250
v 0.240887 1.497827 0.328609
v 0.310407 1.560220 0.311196
v 0.338735 1.647935 0.293747
v 0.312834 1.599677 0.275698
v 0.121088 1.597655 0.290241
v 0.112889 1.529104 0.232266
v 0.133546 1.586848 0.301257
v 0.130769 1.563622 0.281615
v 0.281300 1.697756 0.242961
v 0.255399 1.649498 0.224912
v 0.280286 1.668502 0.179703
v 0.339896 1.615164 0.331746
v 0.375534 1.612296 0.288629
v 0.362637 1.597067 0.252521
v 0.331647 1.519530 0.211506
v 0.246412 1.443032 0.232855
v 0.210690 1.458961 0.288878
v 0.217847 1.510519 0.331364
v 0.290537 1.575759 0.313157
v 0.298722 1.591008 0.318860
v 0.377763 1.634990 0.272617
v 0.324623 1.639266 0.336909
v 0.207024 1.652793 0.282853
v 0.144206 1.467446 0.136364
v 0.287376 1.668915 0.172091
v 0.194565 1.663600 0.271837
v 0.261072 1.572333 0.107092
v 0.256896 1.591017 0.130142
v 0.156664 1.456640 0.147380
v 0.299834 1.658108 0.183107
v 0.273530 1.561527 0.118108
v 0.125348 1.518297 0.243282
v 0.269355 1.580210 0.141158
v 0.154962 1.539672 0.159299
v 0.228355 1.605542 0.140916
v 0.292744 1.657695 0.190719
v 0.254730 1.699894 0.275107
v 0.228829 1.651636 0.257058
v 0.128136 1.551633 0.201371
v 0.133587 1.590903 0.233730
v 0.203106 1.653296 0.216317
v 0.232595 1.708240 0.236866
v 0.268233 1.705372 0.193750
v 0.249295 1.590965 0.138687
v 0.164061 1.514467 0.160036
v 0.128339 1.530395 0.216060
v 0.135495 1.581953 0.258545
v 0.208186 1.647193 0.240338
v 0.216370 1.662442 0.246041
v 0.295412 1.706424 0.199799
v 0.242271 1.710701 0.264091
v -0.178039 1.352583 0.371086
v -0.234860 1.410999 0.406556
v -0.143316 1.413866 0.325784
v -0.200136 1.472282 0.361254
v -0.321999 1.322539 0.189951
v -0.378819 1.380955 0.225421
v -0.300799 1.359956 0.162293
v -0.357619 1.418371 0.197763
v -0.304763 1.338199 0.151004
v -0.382388 1.418002 0.199461
v -0.363363 1.347744 0.041412
v -0.448232 1.161414 0.212322
v -0.506832 1.170959 0.102730
v -0.584456 1.250762 0.151187
v -0.473160 1.175400 0.220211
v -0.528846 1.232649 0.254972
v -0.525004 1.183844 0.123252
v -0.580690 1.241093 0.158014
v -0.588401 1.159263 0.280426
v -0.640246 1.167708 0.183468
v -0.319055 1.315829 0.235567
v -0.360644 1.358585 0.261529
v -0.428752 1.272456 0.131271
v -0.470341 1.315211 0.157233
v -0.275601 1.392521 0.178875
v -0.317190 1.435276 0.204836
v -0.376672 1.364371 0.063325
v -0.418260 1.407127 0.089286
v -0.345215 1.308543 0.205660
v -0.375900 1.287176 0.191695
v -0.417488 1.329931 0.217656
v -0.386804 1.351299 0.231621
v -0.438932 1.254626 0.073710
v -0.516556 1.334429 0.122167
v -0.391426 1.333689 0.019603
v -0.440293 1.273474 0.040489
v -0.272454 1.377900 0.178146
v -0.329274 1.436316 0.213616
v -0.307177 1.316617 0.223448
v -0.363998 1.375033 0.258918
v -0.566859 1.098982 0.263657
v -0.511574 1.080280 0.232467
v -0.618704 1.107426 0.166699
v -0.563418 1.088724 0.135508
v -0.440987 1.427547 0.089869
v -0.525856 1.241217 0.260778
v -0.469051 1.413492 0.068060
v -0.517918 1.353277 0.088946
v -0.153138 1.318393 0.274740
v -0.167301 1.367206 0.471168
v -0.369152 1.349597 0.396098
v -0.266877 1.370827 0.483737
v -0.311514 1.324153 0.294732
v -0.137749 1.346553 0.388537
v -0.312615 1.331370 0.323792
v -0.153040 1.337642 0.269964
v -0.167204 1.386455 0.466391
v -0.369055 1.368846 0.391322
v -0.266780 1.390076 0.478960
v -0.311416 1.343402 0.289955
v -0.137652 1.365802 0.383761
v -0.157192 1.379457 0.438396
v -0.312518 1.350619 0.319016
v -0.361240 1.370465 0.398006
v -0.332722 1.393845 0.492808
v -0.290084 1.384292 0.455176
v -0.360899 1.386556 0.462860
v -0.318260 1.377003 0.425228
v -0.166659 1.494445 0.439595
v -0.137107 1.473792 0.356964
v -0.166756 1.475196 0.444371
v -0.156744 1.468199 0.416375
v -0.360695 1.478455 0.371210
v -0.388531 1.487257 0.406117
v -0.361337 1.351216 0.402783
v -0.304354 1.333235 0.331478
v -0.188845 1.329034 0.316898
v -0.154897 1.343153 0.374488
v -0.178197 1.358441 0.435626
v -0.276707 1.362024 0.448061
v -0.290181 1.365043 0.459952
v -0.389173 1.360018 0.437689
v -0.152593 1.426384 0.247944
v -0.137204 1.454543 0.361741
v -0.360451 1.475297 0.440840
v -0.317813 1.465744 0.403208
v -0.152496 1.445633 0.243167
v -0.368510 1.476836 0.364525
v -0.266235 1.498067 0.452164
v -0.310872 1.451392 0.263159
v -0.311973 1.458609 0.292219
v -0.368607 1.457587 0.369302
v -0.266332 1.478817 0.456940
v -0.310969 1.432143 0.267935
v -0.312070 1.439360 0.296996
v -0.360792 1.459206 0.375986
v -0.332275 1.482586 0.470788
v -0.289636 1.473033 0.433155
v -0.303712 1.460474 0.299905
v -0.188203 1.456274 0.285325
v -0.154255 1.470393 0.342915
v -0.177555 1.485681 0.404053
v -0.276066 1.489263 0.416488
v -0.289539 1.492282 0.428379
v -0.332177 1.501835 0.466012
v -0.196939 1.313684 0.337330
v -0.296401 1.317301 0.349885
v -0.171445 1.324287 0.380578
v -0.189191 1.335931 0.427144
v -0.283404 1.339357 0.439036
v -0.331950 1.350234 0.481882
v -0.369743 1.340457 0.441714
v -0.332819 1.374596 0.497585
v -0.196102 1.479471 0.296192
v -0.295565 1.483089 0.308747
v -0.170608 1.490074 0.339440
v -0.188355 1.501719 0.386006
v -0.282568 1.505145 0.397898
v -0.331113 1.516021 0.440744
v -0.368906 1.506245 0.400576
v 0.187229 1.067077 0.123622
v 0.140901 1.028942 0.139505
v 0.067008 1.066258 0.093238
v 0.265943 0.807626 0.067916
v 0.061286 1.025333 -0.021706
v 0.143768 1.129443 0.066921
v 0.348579 0.875647 0.039584
v 0.138046 1.088517 -0.048024
v 0.357943 0.568310 -0.258913
v 0.438665 0.725411 -0.051957
v 0.432710 0.629854 -0.284547
v 0.351896 0.832013 -0.062298
v 0.277409 0.792213 -0.303463
v 0.219545 0.744583 -0.283624
v 0.434935 0.353048 -0.552750
v 0.509098 0.414094 -0.578177
v 0.188331 0.955266 0.163376
v 0.284004 0.828550 0.170829
v 0.258502 1.013026 0.139318
v 0.366639 0.896571 0.142497
v 0.217881 0.941697 0.196815
v 0.280346 0.993115 0.175399
v 0.194294 0.882214 0.022630
v 0.203926 0.862085 0.051613
v 0.271054 0.945398 -0.003688
v 0.299486 0.940744 0.018851
v 0.475667 0.801532 0.135758
v 0.456679 0.724899 -0.000643
v 0.349706 0.855153 -0.013129
v 0.413406 0.874418 0.129150
v 0.417336 0.643872 0.041237
v 0.397838 0.688283 0.189558
v 0.489439 0.763683 0.158153
v 0.471286 0.688281 0.022741
v 0.475288 0.632503 0.182973
v 0.474462 0.706155 0.357391
v 0.528412 0.750564 0.338894
v 0.529239 0.676912 0.164476
v 0.393464 0.744372 0.212864
v 0.447401 0.788770 0.194371
v 0.233433 0.916569 0.159520
v 0.287369 0.960967 0.141027
v 0.227341 0.873000 0.037148
v 0.281278 0.917397 0.018656
v 0.351734 0.720632 0.034153
v 0.405671 0.765030 0.015661
v 0.386931 0.697641 0.081611
v 0.440868 0.742038 0.063119
v 0.454259 0.836757 0.027402
v 0.386617 0.700141 0.227442
v 0.126051 0.749445 -0.473875
v 0.210948 0.819327 -0.502982
v 0.198393 0.586442 -0.489434
v 0.346237 0.708139 -0.540122
v 0.231165 0.728111 -0.323683
v 0.275886 0.764923 -0.339015
v 0.416201 0.635845 0.009629
v 0.250249 0.822778 -0.006331
v 0.292983 0.809754 0.217505
v 0.379420 0.648533 -0.067191
v 0.494315 0.788792 0.190518
v 0.466703 0.677415 -0.007686
v 0.308113 0.870408 -0.026170
v 0.400681 0.898405 0.180580
v 0.429922 0.690103 -0.084506
v 0.362308 0.618191 -0.172308
v 0.258077 0.758347 -0.138191
v 0.419548 0.665308 -0.191933
v 0.315941 0.805977 -0.158030
v 0.238537 0.815500 -0.057966
v 0.296401 0.863130 -0.077805
v 0.234123 0.654595 -0.293703
v 0.268370 0.614213 -0.289938
v 0.354422 0.753618 -0.334948
v 0.388985 0.713497 -0.331291
v 0.402474 0.742936 -0.133336
v 0.368926 0.783877 -0.137328
v 0.426382 0.805589 -0.053408
v 0.367014 0.690029 -0.364032
v 0.279894 0.618316 -0.334162
v 0.394871 0.639734 -0.370541
v 0.320353 0.578395 -0.344992
v 0.187229 1.067077 0.123622
v 0.140901 1.028942 0.139505
v 0.067008 1.066258 0.093238
v 0.265943 0.807626 0.067916
v 0.061286 1.025333 -0.021706
v 0.143768 1.129443 0.066921
v 0.348579 0.875647 0.039584
v 0.138046 1.088517 -0.048024
v 0.188331 0.955266 0.163376
v 0.284004 0.828550 0.170829
v 0.258502 1.013026 0.139318
v 0.366639 0.896571 0.142497
v 0.217881 0.941697 0.196815
v 0.280346 0.993115 0.175399
v 0.194294 0.882214 0.022630
v 0.203926 0.862085 0.051613
v 0.271054 0.945398 -0.003688
v 0.299486 0.940744 0.018851
v 0.241043 1.048151 0.036117
v 0.118690 0.947438 0.078065
v 0.179178 0.889154 0.095806
v 0.294367 0.983971 0.056313
v 0.358474 0.659402 -0.024464
v 0.266663 0.761854 -0.033076
v 0.356144 0.703148 0.176736
v 0.376489 0.658890 0.026850
v 0.264473 0.784994 0.016094
v 0.293883 0.776034 0.170128
v 0.284894 0.697344 0.085469
v 0.315447 0.671300 -0.103499
v 0.280205 0.710847 -0.106909
v 0.285791 0.689862 -0.005206
v 0.373242 0.517072 -0.253542
v 0.480006 0.604954 -0.290146
v 0.277676 0.596117 -0.282246
v 0.407457 0.702945 -0.326742
v 0.221344 0.669351 -0.239374
v 0.363100 0.786037 -0.287975
v 0.373027 0.477064 -0.343799
v 0.482244 0.566966 -0.381244
v 0.246503 0.581784 -0.381648
v 0.386189 0.696767 -0.429540
v 0.172731 0.691239 -0.295096
v 0.327291 0.818464 -0.348087
v -0.144363 0.976670 0.156735
v -0.095253 0.949423 0.130302
v -0.047636 1.023317 0.094725
v -0.236566 0.779119 -0.013811
v -0.089796 1.054380 -0.015626
v -0.129005 1.068462 0.138521
v -0.324163 0.827720 0.033336
v -0.171165 1.099525 0.028169
v -0.517899 0.314690 -0.045381
v -0.458345 0.559973 0.056192
v -0.597154 0.358664 -0.002723
v -0.476846 0.641000 -0.053773
v -0.617997 0.479102 -0.192188
v -0.556659 0.445070 -0.225202
v -0.760585 -0.009075 -0.161577
v -0.839200 0.034543 -0.119263
v -0.127752 0.865369 0.119058
v -0.210433 0.735415 0.079794
v -0.202136 0.906639 0.159094
v -0.298030 0.784016 0.126942
v -0.140600 0.828802 0.145003
v -0.206816 0.865540 0.180643
v -0.190948 0.881726 -0.025582
v -0.187468 0.847433 -0.013340
v -0.272316 0.926871 0.018214
v -0.288764 0.903635 0.041181
v -0.359553 0.723459 0.133088
v -0.425255 0.586850 0.089965
v -0.447338 0.685875 -0.045208
v -0.370590 0.778924 0.055408
v -0.339595 0.536556 0.089937
v -0.233863 0.649411 0.110815
v -0.330963 0.703285 0.163078
v -0.396784 0.568286 0.120718
v -0.247270 0.602737 0.193247
v -0.141812 0.755100 0.232120
v -0.199001 0.786830 0.262901
v -0.304460 0.634467 0.224028
v -0.348875 0.648927 0.126582
v -0.227172 0.856659 0.138560
v -0.272057 0.889730 0.021079
v -0.384950 0.737555 -0.031804
v -0.397017 0.684397 0.000574
v -0.451610 0.696936 0.067804
v -0.204433 0.678315 0.110374
v -0.625736 0.429886 -0.380417
v -0.715730 0.479817 -0.331979
v -0.636551 0.260153 -0.324569
v -0.793271 0.347105 -0.240217
v -0.564903 0.431817 -0.206182
v -0.612309 0.458119 -0.180667
v -0.360516 0.513429 0.080331
v -0.385380 0.655823 -0.124229
v -0.221032 0.761729 -0.006450
v -0.411163 0.482839 0.017766
v -0.318597 0.741657 0.171821
v -0.414050 0.543131 0.109144
v -0.446718 0.689855 -0.091214
v -0.335196 0.825070 0.054997
v -0.464696 0.512541 0.046580
v -0.473457 0.402029 -0.025271
v -0.464292 0.533556 -0.144805
v -0.534134 0.435694 0.007388
v -0.525630 0.567588 -0.111791
v -0.417952 0.622471 -0.150365
v -0.479290 0.656503 -0.117351
v -0.530967 0.363632 -0.191739
v -0.524664 0.332942 -0.148890
v -0.658488 0.434384 -0.123103
v -0.652520 0.403880 -0.080073
v -0.514984 0.531231 -0.008656
v -0.522010 0.562325 -0.051098
v -0.489772 0.627234 0.023485
v -0.664539 0.368727 -0.118857
v -0.572188 0.317488 -0.168564
v -0.672395 0.315265 -0.098169
v -0.593403 0.271438 -0.140685
v -0.144363 0.976670 0.156735
v -0.095253 0.949423 0.130302
v -0.047636 1.023317 0.094725
v -0.236566 0.779119 -0.013811
v -0.089796 1.054380 -0.015626
v -0.129005 1.068462 0.138521
v -0.324163 0.827720 0.033336
v -0.171165 1.099525 0.028169
v -0.127752 0.865369 0.119058
v -0.210433 0.735415 0.079794
v -0.202136 0.906639 0.159094
v -0.298030 0.784016 0.126942
v -0.140600 0.828802 0.145003
v -0.206816 0.865540 0.180643
v -0.190948 0.881726 -0.025582
v -0.187468 0.847433 -0.013340
v -0.272316 0.926871 0.018214
v -0.288764 0.903635 0.041181
v -0.229484 0.995189 0.099093
v -0.099786 0.923229 0.029285
v -0.146859 0.851467 0.027069
v -0.268964 0.919214 0.092790
v -0.291700 0.617205 0.095808
v -0.169997 0.824937 0.107787
v -0.214882 0.858007 -0.009695
v -0.327775 0.705833 -0.062577
v -0.339842 0.652675 -0.030200
v -0.373340 0.512810 0.010439
v -0.386496 0.590871 -0.102403
v -0.232854 0.653163 0.064895
v -0.340250 0.539687 0.044212
v -0.356988 0.635746 -0.093838
v -0.243892 0.708628 -0.012786
v -0.272077 0.597325 -0.028828
v -0.422732 0.480047 -0.058310
v -0.427962 0.510145 -0.101718
v -0.340741 0.544548 -0.056729
v -0.537182 0.227415 -0.041578
v -0.650356 0.290207 0.019336
v -0.524962 0.308651 -0.138822
v -0.662534 0.384980 -0.064776
v -0.478622 0.396352 -0.161969
v -0.628888 0.479724 -0.081090
v -0.596189 0.167539 -0.093347
v -0.711964 0.231774 -0.031033
v -0.579909 0.275193 -0.222005
v -0.727982 0.357348 -0.142306
v -0.499320 0.410293 -0.234938
v -0.663159 0.501195 -0.146754
v 0.089937 1.155452 0.178018
v 0.101781 0.853195 0.220393
v 0.168094 0.888327 0.203972
v 0.229451 0.997965 0.177452
v 0.161807 1.153263 0.166135
v 0.126138 1.226472 0.041010
v 0.149322 1.176267 0.135837
v 0.353165 1.033404 -0.116713
v 0.376349 0.983199 -0.021887
v 0.181437 1.288953 0.060570
v 0.204621 1.238748 0.155397
v 0.222039 1.114427 0.085318
v 0.198855 1.164632 -0.009509
v 0.186688 1.089964 -0.089825
v 0.357154 1.094038 -0.085587
v 0.201009 1.238494 0.029070
v 0.380338 1.043833 0.009240
v 0.224193 1.188289 0.123897
v 0.151448 1.213861 -0.009002
v 0.100733 1.074587 0.188060
v 0.076012 1.046205 0.196426
v 0.105417 1.078638 0.215642
v 0.080696 1.050256 0.224008
v 0.096672 1.144138 0.207508
v 0.156528 1.142315 0.197611
v 0.102749 0.885077 0.244519
v 0.153659 0.912048 0.231913
v 0.211673 1.015713 0.206838
v 0.026717 1.009745 -0.093185
v 0.092678 0.962651 -0.134245
v 0.024094 1.239903 0.029312
v 0.139157 1.252662 0.007935
v 0.017084 1.255093 0.000645
v 0.156948 1.106733 -0.112098
v 0.082346 1.005703 -0.147348
v 0.019414 1.050635 -0.108173
v 0.110585 1.265439 -0.016738
v 0.188186 1.134303 0.141265
v -0.057351 1.146711 0.211186
v -0.015092 0.861322 0.110873
v -0.086362 0.880026 0.132601
v -0.166052 0.969513 0.178754
v -0.127416 1.129301 0.221137
v -0.154124 1.197016 0.093936
v -0.130940 1.146811 0.188763
v -0.364173 0.946146 0.012470
v -0.340989 0.895941 0.107296
v -0.213621 1.244316 0.133525
v -0.190437 1.194111 0.228351
v -0.198219 1.066458 0.162669
v -0.221403 1.116663 0.067842
v -0.227069 1.044281 -0.012852
v -0.372736 1.005120 0.045786
v -0.229157 1.189214 0.108150
v -0.349552 0.954914 0.140613
v -0.205973 1.139009 0.202976
v -0.190589 1.176235 0.054702
v -0.053523 1.068728 0.185483
v -0.024230 1.047451 0.172221
v -0.047692 1.060328 0.211838
v -0.018399 1.039051 0.198576
v -0.050793 1.123494 0.232657
v -0.109146 1.108994 0.240945
v -0.010579 0.879760 0.146074
v -0.065294 0.894119 0.162755
v -0.140642 0.978732 0.206393
v -0.065674 0.999544 -0.075997
v -0.130397 0.938021 -0.092746
v -0.068297 1.229703 0.046499
v -0.183361 1.217053 0.067934
v -0.075307 1.244892 0.017832
v -0.211442 1.066059 -0.043565
v -0.134728 0.981736 -0.106965
v -0.072977 1.040434 -0.090986
v -0.168808 1.234591 0.035239
v -0.153850 1.096678 0.204969
v -0.125578 1.109914 0.207884
v 0.120221 1.223007 0.000655
v -0.163697 1.222557 0.069832
v -0.015591 0.895050 0.107280
v 0.067401 0.904213 0.091841
v -0.018351 1.137230 0.236175
v 0.064641 1.146393 0.220736
v 0.016995 0.990675 0.244988
v 0.066504 0.996142 0.235778
v 0.016260 1.055137 0.279296
v 0.065769 1.060603 0.270086
v -0.069776 1.017260 -0.111456
v 0.013216 1.026423 -0.126896
v -0.072413 1.248652 0.011697
v 0.010579 1.257815 -0.003743
v -0.058187 0.992163 -0.064054
v 0.024805 1.001326 -0.079493
v -0.060824 1.223555 0.059099
v 0.022168 1.232718 0.043660
v -0.002461 1.210296 -0.102039
v -0.085453 1.201133 -0.086600
v 0.058275 0.958347 0.235543
v 0.032377 0.955488 0.240361
v 0.059177 0.865985 0.090927
v -0.000363 0.859412 0.102004
v 0.062846 1.040187 0.185696
v 0.096030 1.079615 0.181598
v 0.095383 1.136373 0.211806
v 0.061872 1.125673 0.231194
v 0.053842 1.059685 0.148867
v 0.090102 1.092453 0.157350
v 0.089455 1.149211 0.187559
v 0.052868 1.145171 0.194365
v -0.022499 0.910011 0.079023
v 0.060493 0.919174 0.063584
v -0.025259 1.152191 0.207918
v 0.057733 1.161354 0.192478
v -0.006767 1.032501 0.198646
v -0.046757 1.063850 0.208161
v -0.047404 1.120608 0.238369
v -0.007741 1.117987 0.244144
v -0.015771 1.051999 0.161817
v -0.052685 1.076688 0.183913
v -0.053332 1.133446 0.214122
v -0.016745 1.137485 0.207315
v 0.157988 1.141222 0.155131
v -0.163345 1.191699 0.053408
v -0.125930 1.140772 0.224307
v 0.157636 1.172080 0.171554
v 0.119869 1.253865 0.017079
v -0.013912 0.929335 0.094675
v -0.016178 1.128172 0.200501
v -0.052286 1.012436 -0.062284
v -0.054552 1.211272 0.043542
v 0.054160 0.936851 0.082011
v 0.051894 1.135687 0.187837
v 0.015785 1.019951 -0.074947
v 0.013519 1.218788 0.030879
v 0.085798 1.478017 0.466617
v 0.097524 1.520180 0.408300
v 0.097551 1.504907 0.399116
v 0.101652 1.483068 0.409762
v 0.099649 1.439672 0.389453
v 0.093182 1.475149 0.354694
v 0.093062 1.541481 0.394579
v 0.059662 1.578825 0.441930
v 0.053605 1.624261 0.458349
v 0.088083 1.573161 0.417304
v 0.112492 1.539044 0.378605
v 0.062920 1.576076 0.330775
v 0.052526 1.505337 0.313137
v 0.052405 1.572462 0.353498
v 0.025543 1.604100 0.394207
v 0.046438 1.594596 0.372082
v 0.013356 1.593321 0.365077
v -0.001659 1.626605 0.357805
v 0.095725 1.572883 0.504135
v 0.086186 1.545197 0.469993
v 0.101742 1.490489 0.450115
v 0.095132 1.524457 0.467262
v 0.080300 1.515508 0.479252
v 0.090637 1.517898 0.412074
v 0.090665 1.502625 0.402890
v 0.094766 1.480786 0.413536
v 0.092763 1.437390 0.393227
v 0.025728 1.531458 0.389328
v 0.086296 1.472867 0.358468
v 0.093914 1.464337 0.358423
v 0.087028 1.462054 0.362197
v 0.105214 1.488258 0.353572
v 0.060491 1.522716 0.306964
v 0.093137 1.499919 0.369588
v 0.098140 1.489259 0.393024
v 0.108541 1.511474 0.365015
v 0.093118 1.510682 0.376060
v 0.047845 1.494381 0.288235
v -0.002942 1.443297 0.407379
v 0.024108 1.614486 0.474516
v -0.022460 1.494326 0.452570
v -0.056309 1.536568 0.396122
v -0.032429 1.477186 0.359700
v -0.032550 1.544311 0.400061
v -0.017020 1.583255 0.381726
v -0.032035 1.616539 0.374454
v 0.066227 1.563108 0.520302
v 0.060441 1.476803 0.472751
v 0.022634 1.495365 0.449346
v -0.015007 1.448421 0.419464
v -0.048726 1.486526 0.366824
v -0.044679 1.463722 0.338946
v 0.071437 1.540310 0.478077
v -0.040613 1.565547 0.350821
v -0.032382 1.488476 0.302067
v -0.022024 1.501314 0.323857
v -0.034038 1.513641 0.324995
v 0.007522 1.581498 0.324438
v 0.008855 1.578313 0.346990
v 0.008975 1.511585 0.306867
v 0.009091 1.527932 0.301356
v 0.002402 1.500002 0.283002
v 0.015748 1.493083 0.453120
v 0.015775 1.477810 0.443936
v 0.032599 1.460186 0.447609
v 0.038044 1.419258 0.423218
v -0.003062 1.509629 0.447263
v 0.030164 1.569051 0.458097
v 0.001797 1.544569 0.464596
v -0.004540 1.594131 0.410695
v -0.026011 1.570589 0.411790
v 0.056689 1.535423 0.486161
v 0.060571 1.513005 0.486204
v 0.022662 1.480092 0.440162
v 0.039485 1.462468 0.443834
v 0.044930 1.421540 0.419444
v 0.003944 1.445578 0.403604
v 0.004732 1.434785 0.407303
v 0.011618 1.437067 0.403529
v -0.002987 1.468067 0.422273
v 0.018147 1.462753 0.436867
v -0.018414 1.469406 0.434598
v -0.003006 1.478830 0.428744
v -0.022144 1.568042 0.363980
v 0.107192 1.556539 0.462998
v 0.122627 1.531229 0.480675
v 0.109039 1.517949 0.456879
v 0.101109 1.653969 0.476285
v 0.094185 1.667823 0.468936
v 0.102447 1.490431 0.485932
v 0.102453 1.525477 0.493512
v 0.094509 1.475218 0.462251
v 0.090657 1.546109 0.467655
v 0.093174 1.483472 0.464422
v 0.119796 1.511574 0.427879
v 0.160302 1.708357 0.381073
v 0.112645 1.546427 0.445505
v 0.092510 1.518612 0.471406
v 0.096917 1.498600 0.476568
v 0.120185 1.530743 0.446637
v 0.116441 1.515615 0.434491
v 0.098052 1.536843 0.444500
v 0.102636 1.555847 0.465986
v 0.118071 1.530537 0.483663
v 0.104483 1.517257 0.459866
v 0.096553 1.653278 0.479273
v 0.089629 1.667131 0.471924
v 0.093496 1.536151 0.447488
v 0.080076 1.470435 0.470161
v 0.052573 1.533489 0.488528
v 0.088015 1.485649 0.493842
v 0.077434 1.517187 0.507224
v 0.037136 1.533325 0.501395
v 0.056315 1.509255 0.517020
v 0.049742 1.498300 0.489379
v 0.004221 1.621864 0.529388
v -0.005107 1.634921 0.523357
v 0.078443 1.478591 0.472495
v 0.025697 1.480393 0.479453
v -0.120106 1.615441 0.534761
v 0.026009 1.517719 0.492989
v 0.067635 1.510369 0.485040
v 0.079209 1.492732 0.486273
v 0.031106 1.501226 0.495460
v 0.030340 1.487085 0.481682
v 0.035836 1.516227 0.478600
v 0.041689 1.535652 0.499390
v 0.060868 1.511582 0.515015
v 0.054295 1.500627 0.487374
v 0.008774 1.624191 0.527383
v -0.000554 1.637248 0.521352
v 0.040389 1.518553 0.476595
v 0.089008 1.468807 0.390677
v 0.087160 1.481626 0.419369
v 0.080383 1.436793 0.409172
v 0.080007 1.478416 0.442782
v 0.080722 1.475455 0.438122
v 0.086567 1.462255 0.408190
v 0.091031 1.498530 0.399350
v 0.077080 1.474810 0.448772
v 0.079143 1.453300 0.426726
v 0.085356 1.491476 0.422031
v 0.078304 1.485797 0.439963
v 0.089486 1.508171 0.402358
v 0.085324 1.509215 0.432697
v 0.078279 1.499779 0.448370
v 0.089460 1.522342 0.410879
v 0.085342 1.437278 0.428591
v 0.080576 1.422043 0.410995
v 0.076397 1.455483 0.435842
v 0.088324 1.509188 0.411250
v 0.085350 1.494531 0.423868
v 0.085333 1.503862 0.429478
v 0.087273 1.511161 0.419921
v 0.080315 1.495551 0.439696
v 0.020110 1.499362 0.448889
v 0.075575 1.434041 0.433944
v 0.069505 1.474937 0.448538
v 0.066975 1.470900 0.445656
v 0.047467 1.449299 0.429620
v 0.021681 1.475549 0.437360
v 0.045000 1.478103 0.444149
v 0.064558 1.481242 0.447498
v 0.020135 1.485191 0.440368
v 0.044968 1.495843 0.454816
v 0.064532 1.495224 0.455905
v 0.027054 1.488885 0.444831
v 0.033307 1.493279 0.449499
v 0.058925 1.488463 0.451420
v 0.071051 1.418886 0.416216
v 0.062783 1.430961 0.418818
v 0.029754 1.449172 0.423154
v 0.046805 1.468254 0.441487
v 0.069189 1.450002 0.432181
v 0.044995 1.481159 0.445986
v 0.044978 1.490489 0.451596
v 0.061369 1.483549 0.448647
v 0.079447 1.489539 0.438739
v 0.441982 1.391165 -0.130076
v 0.505392 1.424838 -0.032030
v 0.582595 1.286282 -0.047628
v 0.883254 0.882871 -0.124943
v 0.563772 1.346814 -0.023717
v 0.902301 0.825930 -0.066692
v 0.249407 1.572952 -0.006658
v 0.282771 1.590912 0.045289
v 0.947525 0.722760 -0.072535
v 0.538127 1.262668 -0.116385
v 0.392262 1.260131 0.256956
v 0.918300 0.805267 -0.163403
v 0.498594 1.158480 0.191357
v 0.892168 0.736397 0.040017
v 0.473503 1.340796 0.216202
v 0.837604 0.805567 0.039737
v 0.859945 0.864447 -0.134176
v 0.875327 0.794854 -0.034126
v 0.880614 0.808788 -0.075281
v 0.555565 1.215047 0.162778
v 0.860912 0.823991 0.048969
v 0.538068 1.279073 0.176370
v 0.897014 0.811997 -0.025537
v 0.219360 1.493766 0.227232
v 0.262169 1.536618 0.205658
v -0.087890 1.142582 0.211382
v -0.134787 1.218502 0.122755
v -0.067051 1.227042 0.255873
v -0.176036 1.404314 0.230972
v 0.133329 1.467062 0.127544
v -0.160095 1.492159 0.331948
v -0.074258 1.202647 0.254900
v 0.018937 1.399792 0.376394
v 0.025113 1.473843 0.404138
v -0.003379 1.429170 0.327468
v 0.010883 1.492576 0.372940
v 0.076005 1.411367 0.357314
v 0.061503 1.481224 0.391972
v 0.047273 1.499957 0.360774
v -0.135210 1.291556 0.284680
v 0.174155 1.354304 0.181252
v -0.071805 1.253735 0.451387
v 0.109627 1.417895 0.389353
v 0.049502 1.546115 0.287299
v 0.125773 1.315407 0.375469
v 0.043967 1.515618 0.252242
v 0.010517 1.397793 0.422488
v -0.003087 1.395033 0.427036
v 0.123232 1.420655 0.384805
v 0.058075 1.559605 0.274210
v 0.139378 1.318166 0.370920
v 0.044290 1.548480 0.226227
v 0.090373 1.164403 0.144056
v 0.146435 1.210953 0.339983
v 0.115839 1.275553 0.287659
v 0.101559 1.272656 0.292433
v -0.028407 1.140311 0.183767
v 0.051989 1.541875 0.269462
v -0.095553 1.354522 0.441497
v -0.059092 1.406232 0.164484
v 0.139719 1.342230 0.386539
v 0.126114 1.339470 0.391087
v -0.018266 1.293474 0.218191
v 0.048997 1.307117 0.195704
v 0.008171 1.419874 0.141996
v 0.022990 1.431108 0.091310
v -0.081523 1.275670 0.120010
v 0.044797 1.301291 0.077778
v 0.062923 1.401180 0.192599
v -0.059626 1.506854 0.278845
v -0.080926 1.389482 0.143928
v 0.039484 1.526956 0.245710
v 0.018184 1.409585 0.110794
v -0.068425 1.525618 0.263910
v 0.031192 1.298532 0.082327
v 0.009385 1.428349 0.095859
v 0.030685 1.545720 0.230775
v 0.031318 1.467707 0.190708
v -0.064679 1.448236 0.222801
v -0.004876 1.415229 0.050610
v -0.063223 1.502933 0.288413
v 0.049055 1.525706 0.250876
v 0.116499 1.381880 0.365352
v 0.091565 1.172469 0.129633
v -0.021730 1.143586 0.172646
v 0.109762 1.232568 0.184077
v -0.043426 1.201497 0.235291
v -0.042568 1.150128 0.170245
v 0.089482 1.176911 0.126098
v 0.123599 1.200952 0.314856
v 0.036051 1.247421 0.392306
v 0.033379 1.182653 0.345019
v 0.085829 1.174095 0.136342
v -0.032951 1.150003 0.176053
v -0.076476 1.268614 0.352755
v -0.100872 1.395758 0.082704
v -0.015736 1.413026 0.054241
v -0.045661 1.306607 0.118386
v -0.073345 1.329610 0.049535
v 0.095925 1.347998 0.101584
v -0.129439 1.381560 0.262858
v 0.125591 1.433288 0.177595
v 0.213812 1.417270 0.338069
v 0.139801 1.266428 0.388399
v -0.002941 1.251461 0.327370
v 0.011339 1.254357 0.322596
v 0.126272 1.265720 0.362144
v 0.140552 1.268617 0.357370
v 0.132155 1.208056 0.344757
v 0.021771 1.244525 0.397081
v 0.027654 1.186861 0.379694
v 0.041934 1.189757 0.374920
v 0.053689 1.440746 0.308388
v 0.132133 1.175605 0.123244
v 0.085236 1.251525 0.034616
v 0.126441 1.256083 0.178362
v -0.105103 1.288642 0.183962
v 0.088390 1.317682 0.106452
v 0.143384 1.246790 0.182137
v -0.038981 1.192019 0.242835
v 0.013497 1.258541 0.347313
v 0.112836 1.278690 0.314102
v 0.077865 1.163787 0.139349
v -0.040485 1.145686 0.173781
v -0.054618 1.266167 0.351433
v -0.107978 1.484214 0.115114
v -0.011982 1.503685 0.083020
v 0.029738 1.386467 0.136696
v 0.006621 1.317211 0.100907
v -0.021063 1.340214 0.032057
v -0.066258 1.366997 0.168790
v 0.018878 1.384265 0.140327
v -0.055398 1.369199 0.165160
v -0.090013 1.397961 0.079073
v 0.114206 1.223089 0.191621
v 0.178555 1.320341 0.267493
v 0.162589 1.310223 0.278816
v -0.121717 1.303854 0.174346
v -0.049608 1.526013 0.320434
v 0.026663 1.295304 0.408603
v -0.055143 1.495516 0.285377
v -0.068245 1.533984 0.316441
v 0.013058 1.292545 0.413152
v -0.082030 1.522858 0.268458
v 0.013399 1.316609 0.428771
v 0.027004 1.319368 0.424222
v -0.103329 1.405487 0.133542
v -0.063396 1.375559 0.234830
v -0.067918 1.278429 0.115461
v -0.089725 1.408247 0.128994
v -0.090991 1.229367 0.379216
v 0.218375 1.292115 0.275788
v -0.094322 1.339119 0.435834
v 0.035893 1.217305 0.333978
v 0.002061 1.386139 0.412828
v 0.215042 1.401867 0.332406
v 0.237560 1.316483 0.347959
v -0.060289 1.519102 0.306999
v 0.100307 1.197733 0.324924
v 0.114339 1.408912 0.375291
v 0.130235 1.191113 0.410425
v 0.103156 1.230948 0.311490
v 0.004221 1.359107 0.402889
v 0.041089 1.246406 0.421401
v 0.057464 1.189044 0.339247
v 0.087391 1.182424 0.424749
v 0.149270 1.554907 0.228520
v 0.142715 1.701259 -0.112725
v 0.874649 2.067435 -0.172941
v 0.146693 1.690750 -0.128272
v 0.878627 2.056927 -0.188488
v 0.207912 1.714031 -0.104675
v 0.475127 1.830888 -0.115285
v 0.218020 1.785647 -0.150496
v 0.383602 1.847297 -0.149797
v 0.479105 1.820380 -0.130832
v 0.211890 1.703522 -0.120221
v 0.387580 1.836788 -0.165343
v 0.221999 1.775139 -0.166043
v 0.426443 1.803297 -0.117950
v 0.398589 1.811098 -0.066991
v 0.246303 1.744500 -0.060944
v 0.229781 1.717293 -0.110141
v 0.474379 1.701072 -0.036587
v 0.433030 1.737650 -0.008533
v 0.295099 1.640440 0.021880
v 0.296255 1.575534 0.002688
v 0.776136 1.996245 -0.173697
v 0.772158 2.006753 -0.158151
v 1.000980 2.068381 -0.141254
v 1.068484 2.063617 -0.132594
v 1.004958 2.057872 -0.156800
v 0.229159 1.514888 0.011702
v 0.243186 1.485988 0.046660
v 0.225181 1.525396 0.027248
v 0.806943 1.932574 -0.099109
v 0.824948 1.893165 -0.079698
v 0.810921 1.922065 -0.114656
v 0.137036 1.669964 -0.148698
v 0.802712 1.671025 -0.628607
v 0.145278 1.682951 -0.137237
v 0.810954 1.684013 -0.617146
v 0.197013 1.653973 -0.173710
v 0.440617 1.640723 -0.333878
v 0.203918 1.707936 -0.239824
v 0.355239 1.691002 -0.329454
v 0.448859 1.653710 -0.322416
v 0.205256 1.666960 -0.162249
v 0.363481 1.703990 -0.317993
v 0.212160 1.720923 -0.228363
v 0.398022 1.646678 -0.297980
v 0.360714 1.602384 -0.306904
v 0.221883 1.609935 -0.215624
v 0.218736 1.656430 -0.180101
v 0.445957 1.544454 -0.216617
v 0.395155 1.528937 -0.248445
v 0.270679 1.505875 -0.132799
v 0.285210 1.514672 -0.067272
v 0.718065 1.676239 -0.541538
v 0.709823 1.663252 -0.552999
v 0.919748 1.620749 -0.655799
v 0.984563 1.601168 -0.664171
v 0.927989 1.633736 -0.644338
v 0.227744 1.507089 0.002737
v 0.239639 1.466441 0.024191
v 0.219502 1.494101 -0.008725
v 0.744607 1.589072 -0.493958
v 0.764744 1.561411 -0.461043
v 0.752849 1.602060 -0.482496
v -0.478483 1.575263 0.094955
v -1.180027 1.650691 0.513983
v -0.486725 1.562276 0.083494
v -1.188269 1.637704 0.502522
v -0.526210 1.565131 0.140759
v -0.769814 1.578381 0.300927
v -0.585411 1.622690 0.118109
v -0.728355 1.621762 0.221956
v -0.778056 1.565394 0.289466
v -0.534452 1.552144 0.129298
v -0.736598 1.608775 0.210495
v -0.593653 1.609703 0.106648
v -0.725882 1.569574 0.267298
v -0.678607 1.592613 0.293140
v -0.539776 1.585062 0.201860
v -0.546596 1.559823 0.149419
v -0.677946 1.467350 0.348662
v -0.644166 1.519166 0.351598
v -0.490980 1.481002 0.284684
v -0.480122 1.418064 0.262249
v -1.083036 1.619154 0.447866
v -1.074794 1.632141 0.459327
v -1.254802 1.610847 0.612905
v -1.297702 1.583691 0.658476
v -1.263044 1.597860 0.601444
v -0.404258 1.386414 0.223468
v -0.384121 1.358753 0.256383
v -0.396016 1.399401 0.234929
v -1.040009 1.557962 0.518369
v -1.028114 1.517314 0.539823
v -1.048251 1.544975 0.506907
v -0.484162 1.543968 0.058982
v -1.251963 1.254282 0.058317
v -0.488140 1.554477 0.074529
v -1.255942 1.264791 0.073864
v -0.537109 1.505073 0.071724
v -0.804324 1.388215 0.082334
v -0.599513 1.544979 0.028781
v -0.756718 1.465468 0.042298
v -0.808302 1.398724 0.097881
v -0.541087 1.515582 0.087270
v -0.760697 1.475976 0.057845
v -0.603491 1.555488 0.044328
v -0.754304 1.412956 0.087268
v -0.716482 1.383900 0.053227
v -0.564196 1.450498 0.047180
v -0.557641 1.498960 0.079459
v -0.706368 1.310731 0.168631
v -0.682041 1.310453 0.111686
v -0.515399 1.346437 0.130005
v -0.491167 1.357202 0.192288
v -1.141107 1.299149 0.080025
v -1.137129 1.288640 0.064478
v -1.336035 1.163215 0.098359
v -1.381623 1.121242 0.126898
v -1.340013 1.173724 0.113906
v -0.405674 1.378615 0.214503
v -0.387669 1.339206 0.233914
v -0.401696 1.368106 0.198956
v -1.102345 1.214461 0.123520
v -1.088318 1.185561 0.158478
v -1.106323 1.224970 0.139066
v -0.151946 1.258396 -0.045330
v -0.067074 1.275610 -0.073704
v -0.026710 1.303619 -0.049991
v -0.177706 1.272993 0.000490
v -0.192058 1.005759 -0.393581
v -0.197030 1.077516 -0.352617
v -0.070704 1.144156 -0.017973
v -0.147637 1.194059 0.042542
v -0.038436 1.200431 -0.033653
v 0.003359 1.224686 -0.007940
v -0.123307 1.183216 -0.005278
v -0.150684 1.014150 -0.407413
v -0.148522 1.087355 -0.368834
v -0.056710 1.240378 0.082261
v -0.108739 1.083759 -0.267746
v -0.110387 1.085873 -0.172029
v -0.166367 1.072071 -0.248480
v -0.105307 1.290175 0.227469
v 0.045690 1.320801 0.176988
v -0.140315 1.382075 0.178509
v 0.010681 1.412701 0.128028
v 0.409445 1.598863 -0.389488
v 0.420009 1.615510 -0.374797
v 0.468282 1.495216 -0.252626
v 0.445226 1.487859 -0.248286
v 0.384462 1.617443 -0.351425
v 0.373897 1.600796 -0.366116
v 0.382534 1.643379 -0.317703
v 0.443299 1.513796 -0.214564
v 0.405590 1.650736 -0.322044
v 0.466355 1.521152 -0.218905
v 0.418081 1.641446 -0.341075
v 0.478847 1.511862 -0.237936
v 0.487418 1.437060 -0.179913
v 0.441137 1.648803 -0.345416
v 0.371970 1.626733 -0.332394
v 0.432735 1.497149 -0.229255
v 0.443064 1.622866 -0.379138
v 0.386389 1.591507 -0.385147
v 0.453629 1.639513 -0.364447
v 0.447154 1.461923 -0.282008
v 0.434662 1.471213 -0.262977
v 0.489345 1.411123 -0.213635
v 0.470210 1.469279 -0.286348
v 0.501902 1.519219 -0.242276
v 0.522965 1.435127 -0.203285
v 0.480774 1.485926 -0.271658
v 0.503829 1.493282 -0.275998
v 0.514394 1.509929 -0.261308
v 0.720380 1.547521 -0.452033
v 0.709815 1.530874 -0.466723
v 0.686760 1.523518 -0.462383
v 0.728951 1.472719 -0.394010
v 0.707888 1.556811 -0.433001
v 0.676196 1.506871 -0.477074
v 0.695331 1.448716 -0.404360
v 0.640648 1.508805 -0.453702
v 0.653140 1.499515 -0.472733
v 0.659615 1.677105 -0.555172
v 0.592375 1.629098 -0.575872
v 0.649051 1.660458 -0.569863
v 0.638721 1.534741 -0.419980
v 0.577956 1.664325 -0.523119
v 0.647123 1.686395 -0.536141
v 0.693404 1.474652 -0.370638
v 0.684833 1.549455 -0.428661
v 0.624068 1.679038 -0.531800
v 0.672341 1.558744 -0.409630
v 0.611576 1.688328 -0.512769
v 0.649285 1.551388 -0.405289
v 0.588520 1.680971 -0.508429
v 0.579883 1.638388 -0.556841
v 0.590448 1.655035 -0.542150
v 0.651212 1.525451 -0.439011
v 0.674268 1.532808 -0.443351
v 0.625995 1.653101 -0.565522
v 0.615431 1.636455 -0.580213
v 0.101237 1.780699 -0.305607
v 0.284177 1.390573 0.004906
v 0.164006 1.694831 -0.203036
v 0.247290 1.517225 -0.061674
v 0.179308 1.683451 -0.226349
v 0.262592 1.505845 -0.084987
v 0.166367 1.663059 -0.244344
v 0.249651 1.485453 -0.102982
v 0.138124 1.654048 -0.239027
v 0.221408 1.476441 -0.097665
v 0.122822 1.665428 -0.215714
v 0.206106 1.487821 -0.074352
v 0.135763 1.685820 -0.197718
v 0.219047 1.508213 -0.056357
v -0.798943 1.353770 0.014503
v -0.804042 1.367239 0.034431
v -0.726331 1.252916 0.146759
v -0.704285 1.254707 0.136022
v -0.765050 1.384291 0.032882
v -0.759951 1.370822 0.012955
v -0.753202 1.413022 0.061999
v -0.692437 1.283438 0.165138
v -0.775248 1.411230 0.072737
v -0.714483 1.281647 0.175876
v -0.792194 1.395970 0.063547
v -0.731430 1.266386 0.166687
v -0.677757 1.200731 0.209631
v -0.814240 1.394179 0.074285
v -0.748103 1.399552 0.042071
v -0.687338 1.269968 0.145211
v -0.826088 1.365448 0.045168
v -0.776897 1.355561 0.003765
v -0.831187 1.378918 0.065096
v -0.716132 1.225977 0.106905
v -0.699185 1.241238 0.116094
v -0.689604 1.172001 0.180514
v -0.738178 1.224186 0.117643
v -0.753475 1.264595 0.177425
v -0.716750 1.183679 0.211179
v -0.743277 1.237655 0.137570
v -0.765323 1.235864 0.148308
v -0.770422 1.249334 0.168235
v -1.045609 1.189331 0.138377
v -1.040510 1.175861 0.118450
v -1.018464 1.177652 0.107712
v -0.991936 1.123677 0.181321
v -1.028662 1.204592 0.147566
v -1.013365 1.164183 0.087785
v -0.964791 1.111998 0.150656
v -0.974372 1.181235 0.086236
v -0.991319 1.165974 0.077047
v -1.106374 1.318915 0.035237
v -1.052084 1.295558 -0.026093
v -1.101275 1.305445 0.015310
v -0.962525 1.209965 0.115353
v -1.023290 1.339549 0.012213
v -1.089427 1.334176 0.044427
v -0.952944 1.140729 0.179773
v -1.006616 1.206383 0.136829
v -1.067381 1.335967 0.033689
v -0.989670 1.221644 0.146018
v -1.050435 1.351228 0.042878
v -0.967624 1.223435 0.135280
v -1.028389 1.353019 0.032140
v -1.035137 1.310819 -0.016904
v -1.040236 1.324288 0.003024
v -0.979471 1.194705 0.106163
v -1.001517 1.192914 0.116901
v -1.079229 1.307236 0.004572
v -1.074130 1.293767 -0.015355
v -0.587823 1.640940 -0.075238
v -0.404883 1.250813 0.235274
v -0.544241 1.551180 0.033747
v -0.460957 1.373573 0.175109
v -0.565001 1.532485 0.022491
v -0.481717 1.354879 0.163853
v -0.558754 1.515985 -0.001920
v -0.475470 1.338379 0.139442
v -0.531748 1.518180 -0.015074
v -0.448464 1.340573 0.126288
v -0.510989 1.536874 -0.003817
v -0.427705 1.359267 0.137545
v -0.517235 1.553374 0.020594
v -0.433952 1.375767 0.161956
v 0.034195 1.478923 0.167582
v 0.041823 1.520955 0.215896
v -0.091565 1.747112 -0.045877
v -0.083937 1.789143 0.002437
v 0.086032 1.489437 0.150252
v 0.093659 1.531469 0.198566
v -0.039728 1.757625 -0.063207
v -0.032101 1.799657 -0.014893
v -0.089605 1.790533 0.007524
v -0.067392 1.743162 0.045228
v -0.025475 1.803541 -0.013916
v -0.003262 1.756170 0.023788
v -0.059764 1.785194 0.093543
v 0.004366 1.798201 0.072102
v -0.081978 1.832565 0.055838
v -0.017848 1.845572 0.034398
v -0.157952 1.439951 0.231821
v -0.150324 1.481982 0.280135
v -0.283712 1.708139 0.018362
v -0.276084 1.750171 0.066677
v -0.209788 1.429437 0.249151
v -0.202161 1.471468 0.297465
v -0.335548 1.697625 0.035692
v -0.327921 1.739657 0.084007
v -0.278959 1.712359 0.013942
v -0.271332 1.754390 0.062256
v -0.343089 1.699351 0.035382
v -0.335462 1.741383 0.083696
v -0.293545 1.801762 0.024551
v -0.357675 1.788754 0.045992
v -0.301173 1.759730 -0.023763
v -0.365303 1.746723 -0.002323
v 0.060736 1.776129 -0.062904
v 0.129551 1.774736 -0.105196
v -0.013863 1.745648 -0.057250
v 0.076125 1.738953 -0.053474
v 0.148398 1.584828 0.069199
v 0.121210 1.963002 -0.003006
v 0.062771 1.736245 -0.049009
v 0.135044 1.582119 0.073663
v 0.107856 1.960294 0.001459
v 0.132769 1.583068 -0.211853
v -0.026194 1.677697 -0.135358
v 0.117220 1.706785 -0.183305
v -0.010646 1.553980 -0.163907
v 0.102983 1.311662 0.028961
v 0.232191 1.371046 -0.043099
v 0.162946 2.095729 0.074384
v 0.176300 2.098437 0.069920
v 0.180340 1.521069 0.140105
v 0.248551 1.520965 0.096787
v 0.263929 1.393922 0.065711
v 0.119342 1.461581 0.168847
v 0.134721 1.334538 0.137771
v -0.415698 1.679495 0.096379
v -0.490297 1.649014 0.102033
v -0.346883 1.678102 0.054086
v -0.408456 1.640667 0.108532
v -0.336182 1.486542 0.231205
v -0.491144 1.838801 0.201718
v -0.395101 1.643376 0.104068
v -0.322828 1.489250 0.226741
v -0.477790 1.841509 0.197253
v -0.487080 1.457346 -0.004624
v -0.359214 1.610151 -0.024022
v -0.502628 1.581063 0.023924
v -0.343665 1.486434 -0.052571
v -0.230036 1.244116 0.140297
v -0.387657 1.245323 0.164131
v -0.523626 1.956473 0.303920
v -0.536980 1.953764 0.308385
v -0.296094 1.424435 0.299388
v -0.371298 1.395243 0.304016
v -0.355919 1.268200 0.272940
v -0.213677 1.394036 0.280183
v -0.198299 1.266993 0.249107
v -0.329144 1.639193 0.073242
v 0.142706 1.396728 0.209685
v -0.184340 1.330394 0.319023
v 0.120045 1.271854 0.066145
v 0.072569 1.353692 0.258197
v 0.049908 1.228818 0.114657
v 0.021349 1.482327 -0.101376
v -0.015177 1.633451 -0.118948
v -0.342223 1.567117 -0.009609
v 0.126566 1.431146 0.182290
v 0.058468 1.383764 0.234262
v 0.078283 1.534112 0.100336
v -0.004191 1.517385 0.127909
v 0.044461 1.465406 0.241896
v 0.112559 1.512789 0.189925
v 0.005816 1.547818 0.176303
v 0.088289 1.564545 0.148730
v -0.002098 1.705527 -0.036097
v -0.200480 1.364812 0.291629
v -0.103632 1.350886 0.288455
v -0.248763 1.467779 0.209675
v -0.166290 1.484506 0.182103
v -0.259750 1.583845 -0.037181
v -0.097651 1.616723 -0.091375
v 0.059489 1.281615 0.175347
v -0.061124 1.465599 -0.073804
v -0.102610 1.248737 0.229540
v -0.207001 1.205520 0.175483
v -0.089530 1.320814 0.312390
v -0.112191 1.195940 0.168850
v -0.305696 1.415993 0.007962
v -0.117638 1.432528 0.296090
v -0.214486 1.446455 0.299263
v -0.156283 1.514939 0.230496
v -0.238756 1.498212 0.258069
v -0.223223 1.432721 -0.019610
v 0.091831 1.134342 -0.085999
v 0.073725 1.382726 0.012250
v 0.125458 1.133589 -0.014826
v 0.040098 1.383479 -0.058924
v 0.133634 1.155483 -0.105526
v 0.031922 1.361585 0.031777
v 0.167261 1.154731 -0.034353
v -0.001705 1.362337 -0.039396
v -0.226124 1.069851 0.020301
v -0.243236 1.318438 0.118217
v -0.209289 1.065693 0.097088
v -0.260071 1.322596 0.041430
v -0.275603 1.072478 0.031291
v -0.193758 1.315811 0.107227
v -0.258767 1.068320 0.108078
v -0.210593 1.319969 0.030439
v -0.272153 1.240806 0.017824
v -0.124304 0.358144 0.894417
v -0.099590 0.380827 1.000256
v -0.318205 1.243251 0.028053
v -0.170356 0.360589 0.904647
v -0.145642 0.383272 1.010485
v -0.234229 0.861481 0.279226
v -0.280281 0.863926 0.289455
v -0.256797 0.881591 0.172820
v -0.290755 1.037082 -0.017225
v -0.302848 0.884036 0.183050
v -0.336807 1.039527 -0.006995
v -0.341688 1.193285 -0.065722
v -0.295636 1.190840 -0.075951
v -0.332494 1.114918 -0.005601
v -0.286442 1.112473 -0.015830
v -0.208221 0.948068 0.375615
v -0.206559 0.870627 0.401610
v -0.254273 0.950513 0.385845
v -0.252611 0.873072 0.411839
v -0.185098 0.532008 0.751144
v -0.183297 0.539981 0.757347
v -0.305050 0.649068 0.635478
v -0.303249 0.657042 0.641680
v -0.211599 0.653355 0.602831
v -0.209798 0.661329 0.609033
v -0.298013 0.688730 0.582443
v -0.296212 0.696704 0.588645
v 0.064063 1.309000 -0.094581
v 0.814088 0.502426 0.637808
v 0.809634 0.565243 0.696282
v 0.102971 1.328677 -0.112756
v 0.852996 0.522103 0.619633
v 0.848542 0.584920 0.678107
v 0.321269 0.974151 0.093511
v 0.360177 0.993828 0.075336
v 0.269063 0.988250 -0.002986
v 0.129084 1.122237 -0.157586
v 0.307971 1.007927 -0.021161
v 0.167993 1.141914 -0.175761
v 0.083419 1.279509 -0.207845
v 0.044511 1.259831 -0.189670
v 0.139106 1.210572 -0.163267
v 0.100197 1.190895 -0.145093
v 0.327596 1.056747 0.196480
v 0.368699 0.987305 0.209288
v 0.366504 1.076424 0.178305
v 0.407607 1.006982 0.191113
v 0.674791 0.706417 0.463664
v 0.674259 0.713917 0.470647
v 0.654655 0.843723 0.314627
v 0.654123 0.851224 0.321610
v 0.565550 0.810982 0.343013
v 0.565018 0.818483 0.349995
v 0.604771 0.871840 0.280622
v 0.604239 0.879341 0.287604
v 0.110802 1.573236 0.363546
v 0.138524 1.570689 0.344013
v 0.146929 1.552670 0.316423
v 0.131092 1.529735 0.296938
v 0.100292 1.515318 0.296970
v 0.072570 1.517865 0.316503
v 0.064165 1.535883 0.344093
v 0.181032 1.383301 0.458383
v 0.080001 1.558819 0.363579
v -0.053092 1.923964 0.158787
v -0.010936 1.932514 0.144693
v -0.075313 1.801513 0.018031
v -0.033158 1.810063 0.003938
v -0.001713 1.803020 0.239091
v 0.040442 1.811570 0.224998
v -0.022446 1.688771 0.107765
v 0.019710 1.697322 0.093672
v -0.088704 1.882891 0.027347
v -0.081794 1.920974 0.071122
v -0.039638 1.929524 0.057028
v -0.046549 1.891441 0.013253
v 0.004767 1.683559 0.186001
v 0.011678 1.721642 0.229776
v 0.053834 1.730192 0.215682
v 0.046923 1.692109 0.171907
v -0.078425 1.976771 0.042361
v -0.050703 1.974224 0.022828
v -0.042299 1.956205 -0.004761
v -0.058135 1.933270 -0.024247
v -0.088936 1.918853 -0.024214
v -0.116658 1.921400 -0.004682
v -0.125062 1.939418 0.022908
v -0.109226 1.962354 0.042394
v -0.120098 2.025474 -0.052740
v -0.393819 1.923487 -0.029756
v -0.309624 1.984723 0.131536
v -0.354988 1.840678 0.036154
v -0.492071 1.085273 -0.832169
v -0.279796 2.149092 0.320476
v -0.268536 1.897100 0.201277
v -0.308030 2.190037 0.388561
v -0.343489 2.200836 0.289051
v -0.243071 2.070775 0.382810
v -0.315275 1.953585 0.095744
v -0.373923 2.033128 0.096274
v -0.336893 2.040639 0.083895
v -0.352304 1.946074 0.108123
v -0.306459 2.208347 0.276672
v -0.280101 2.063265 0.395190
v -0.305566 1.889590 0.213657
v -0.271000 2.197547 0.376181
v -0.455041 1.092784 -0.844549
v -0.316826 2.141581 0.332855
v -0.346654 1.977212 0.143916
v -0.317958 1.848188 0.023774
v -0.356790 1.930997 -0.042136
v -0.234277 2.119234 0.438513
v -0.489080 0.780053 -1.072241
v -0.503883 1.035662 -0.961447
v -0.496463 0.837638 -0.995542
v -0.493550 1.092606 -0.895991
v -0.512065 1.088851 -0.889801
v -0.506954 1.117011 -0.857431
v -0.459433 0.845148 -1.007922
v -0.469243 1.014525 -0.934505
v -0.460152 1.064623 -0.876919
v -0.475035 1.096362 -0.902181
v -0.469925 1.124522 -0.869811
v -0.325755 1.778337 0.085773
v -0.288725 1.785847 0.073393
v -0.386550 1.963545 0.016289
v -0.349520 1.971055 0.003910
v -0.274186 1.865963 0.165484
v -0.311216 1.858452 0.177864
v -0.271307 2.111724 0.450893
v -0.302241 1.839312 0.193099
v -0.316779 1.759196 0.101007
v -0.265211 1.846822 0.180719
v -0.279750 1.766707 0.088628
v -0.310041 1.900739 0.185947
v -0.276896 2.083386 0.395896
v -0.324709 1.932020 0.161049
v -0.291564 2.114667 0.370998
v -0.285242 1.905769 0.177656
v -0.252097 2.088416 0.387605
v -0.299910 1.937050 0.152759
v -0.266765 2.119697 0.362708
v -0.259846 2.130521 0.432730
v -0.277806 2.138202 0.428883
v -0.269544 2.151202 0.416269
v -0.251584 2.143521 0.420116
v -0.249708 2.152134 0.476167
v -0.284268 2.166915 0.468764
v -0.268369 2.191930 0.444492
v -0.233809 2.177149 0.451895
v -0.241543 2.268443 0.571151
v -0.506273 1.007014 -0.922126
v -0.497181 1.057112 -0.864539
v -0.020275 1.443254 0.187815
v -0.101972 1.488706 0.224042
v -0.028602 1.503588 0.199513
v -0.048578 1.460514 0.240138
v -0.040251 1.400180 0.228441
v -0.073610 1.599570 0.123118
v -0.146981 1.584688 0.147647
v -0.085476 1.582298 0.077146
v -0.158847 1.567417 0.101675
v -0.193054 1.870164 -0.060134
v -0.260709 1.856442 -0.037516
v -0.205346 1.867235 -0.098678
v -0.186109 1.796831 -0.083851
v -0.273001 1.853513 -0.076060
v -0.253764 1.783109 -0.061232
v -0.077361 1.601134 0.122704
v -0.145015 1.587412 0.145322
v -0.159054 1.665170 0.150504
v -0.091400 1.678892 0.127886
v -0.308045 2.047005 -0.210154
v -0.325448 2.043476 -0.204336
v -0.327841 2.098718 -0.207984
v -0.159310 1.793564 0.110981
v -0.105966 1.652581 0.101076
v -0.154643 1.642709 0.117350
v -0.101694 1.616812 0.059431
v -0.169349 1.603090 0.082050
v -0.103668 1.509199 0.170347
v -0.097202 1.544831 0.211306
v -0.158529 1.626192 0.077229
v -0.152063 1.661824 0.118188
v -0.065707 1.516899 0.157656
v -0.059241 1.552531 0.198615
v -0.120568 1.633892 0.064538
v -0.114102 1.669524 0.105497
v -0.093645 1.428373 0.212344
vn -0.5069 0.2549 0.8235
vn -0.3035 0.4258 -0.8524
vn 0.5069 -0.2549 -0.8235
vn 0.5859 -0.5988 0.5460
vn -0.6322 -0.7593 -0.1542
vn 0.7619 -0.5732 -0.3015
vn 0.3223 -0.0768 -0.9435
vn -0.8245 -0.5125 -0.2399
vn -0.3223 0.0768 0.9435
vn -0.7045 0.6462 -0.2933
vn 0.6322 0.7593 0.1542
vn -0.5859 0.5988 -0.5460
vn 0.2358 -0.3781 0.8952
vn -0.3918 0.4850 -0.7818
vn 0.7491 -0.6499 0.1286
vn 0.9046 -0.2686 0.3309
vn 0.3748 -0.9049 0.2017
vn -0.2649 0.5215 0.8111
vn 0.7655 0.5606 -0.3158
vn 0.6282 -0.5449 0.5554
vn -0.6354 0.0529 0.7704
vn 0.3763 0.8376 0.3960
vn 0.2649 -0.5215 -0.8111
vn -0.7728 -0.3534 0.5272
vn 0.7066 0.1007 -0.7004
vn -0.7316 -0.6566 0.1833
vn -0.7316 -0.6566 0.1832
vn 0.4349 0.8378 0.3300
vn -0.6282 0.5449 -0.5554
vn 0.7035 0.0928 -0.7046
vn -0.1296 -0.2856 0.9495
vn -0.1296 -0.2856 0.9496
vn 0.5895 -0.7444 -0.3138
vn -0.2378 -0.5978 0.7655
vn 0.1663 0.0888 0.9821
vn -0.0824 -0.9712 0.2236
vn 0.7357 0.3408 0.5854
vn 0.9396 -0.2544 -0.2289
vn 0.9396 -0.2544 -0.2291
vn 0.9397 -0.2544 -0.2284
vn 0.4479 0.8369 0.3145
vn 0.2177 -0.5623 -0.7978
vn -0.8854 0.3700 0.2813
vn -0.8854 0.3700 0.2812
vn -0.1663 -0.0888 -0.9821
vn -0.9936 0.0578 0.0972
vn -0.5895 0.7444 0.3138
vn -0.8382 -0.3156 -0.4447
vn -0.0201 0.9964 -0.0829
vn 0.1834 0.4017 -0.8972
vn 0.1838 0.4012 -0.8974
vn 0.1837 0.4013 -0.8973
vn 0.6322 0.7593 0.1541
vn 0.7045 -0.6462 0.2933
vn 0.6476 0.1804 0.7403
vn 0.0878 0.5780 -0.8113
vn -0.6476 -0.1804 -0.7403
vn -0.4146 -0.7318 0.5409
vn 0.6393 -0.6573 -0.3991
vn -0.7681 -0.5699 -0.2919
vn -0.4701 0.0766 -0.8793
vn 0.8004 -0.3827 -0.4613
vn 0.4701 -0.0766 0.8793
vn 0.6085 0.7498 -0.2601
vn -0.6393 0.6573 0.3991
vn 0.4146 0.7318 -0.5409
vn -0.0163 -0.5305 0.8475
vn 0.2283 0.6579 -0.7177
vn -0.6570 -0.7366 0.1605
vn -0.8204 -0.4054 0.4033
vn -0.2846 -0.9562 0.0689
vn 0.1302 0.2382 0.9625
vn -0.9993 -0.0041 -0.0369
vn -0.0049 -0.9706 0.2408
vn 0.6733 0.1749 0.7184
vn -0.6606 0.1839 0.7278
vn -0.1301 -0.2382 -0.9625
vn -0.1302 -0.2382 -0.9625
vn 0.9447 0.0745 0.3193
vn -0.7968 -0.1417 -0.5873
vn 0.9915 -0.0361 -0.1252
vn -0.7243 0.1695 0.6684
vn -0.7242 0.1695 0.6684
vn 0.0049 0.9706 -0.2408
vn -0.7911 -0.1436 -0.5946
vn -0.7380 0.1660 0.6540
vn -0.0667 -0.2400 -0.9685
vn 0.1301 0.2382 0.9625
vn -0.6085 -0.7498 0.2601
vn -0.5925 -0.4513 0.6673
vn 0.5349 -0.4442 0.7188
vn 0.7463 -0.5207 0.4146
vn 0.1010 -0.3936 0.9137
vn -0.1069 -0.7741 -0.6239
vn -0.6343 -0.6990 -0.3302
vn -0.6344 -0.6987 -0.3307
vn -0.6343 -0.6988 -0.3307
vn 0.6903 -0.6828 -0.2395
vn 0.5407 0.7236 0.4290
vn 0.5408 0.7236 0.4290
vn -0.1010 0.3936 -0.9137
vn 0.7522 0.6470 0.1249
vn 0.1069 0.7741 0.6239
vn 0.6962 0.4850 -0.5293
vn -0.5866 0.7165 0.3775
vn -0.6284 0.4692 -0.6205
vn -0.6285 0.4690 -0.6205
vn -0.6284 0.4696 -0.6202
vn -0.7727 -0.3534 0.5272
vn 0.9399 -0.2537 -0.2287
vn 0.9398 -0.2540 -0.2286
vn 0.4479 0.8370 0.3145
vn 0.1838 0.4018 -0.8971
vn 0.1841 0.4019 -0.8970
vn -0.7381 0.1660 0.6540
vn -0.6346 -0.6988 -0.3301
vn -0.6349 -0.6986 -0.3301
vn -0.6290 0.4692 -0.6199
vn -0.6287 0.4694 -0.6200
vn -0.6639 0.7143 -0.2213
vn 0.7061 0.5389 -0.4593
vn 0.5531 0.6324 -0.5423
vn 0.3478 0.8409 -0.4146
vn 0.6436 -0.7642 0.0424
vn 0.3379 -0.0186 0.9410
vn -0.2038 0.5770 0.7909
vn -0.3683 0.7015 0.6101
vn 0.9119 0.2047 -0.3557
vn 0.9077 0.1810 -0.3786
vn 0.9165 0.2408 -0.3194
vn 0.5482 -0.7855 -0.2871
vn 0.6362 -0.7716 0.0031
vn -0.6655 0.6865 -0.2930
vn 0.0468 0.3351 0.9410
vn -0.2076 -0.1504 -0.9666
vn 0.3671 -0.7007 -0.6117
vn 0.7464 0.6144 -0.2559
vn 0.6639 -0.7143 0.2213
vn 0.3927 0.9016 -0.1814
vn 0.4603 0.8444 -0.2740
vn 0.4636 0.8358 -0.2943
vn 0.9508 0.1061 -0.2911
vn 0.9269 0.1357 -0.3498
vn 0.3111 0.8802 -0.3585
vn 0.5807 0.8114 -0.0672
vn 0.7497 0.6027 -0.2732
vn 0.9015 0.4310 -0.0380
vn 0.7606 0.6398 -0.1102
vn -0.4755 0.7613 0.4409
vn -0.0468 -0.3351 -0.9410
vn 0.3685 -0.7017 -0.6098
vn 0.5104 -0.7751 -0.3724
vn 0.9352 0.2368 -0.2633
vn 0.9353 0.2365 -0.2631
vn 0.9354 0.2365 -0.2631
vn 0.4100 0.8612 -0.3002
vn 0.4100 0.8613 -0.3002
vn 0.4101 0.8612 -0.3002
vn 0.9407 0.2774 -0.1950
vn 0.9316 0.2091 -0.2974
vn 0.9360 0.3356 -0.1061
vn -0.6284 0.7772 0.0330
vn 0.7814 0.3558 -0.5126
vn 0.7583 0.6340 -0.1516
vn 0.7695 0.6217 -0.1460
vn 0.7722 0.6187 -0.1446
vn -0.6147 0.7837 0.0887
vn -0.5864 0.7889 0.1837
vn 0.6655 -0.6865 0.2930
vn 0.9211 0.3831 -0.0695
vn 0.8950 0.4440 -0.0428
vn 0.4976 0.7919 -0.3540
vn 0.5299 0.7840 -0.3232
vn 0.4791 0.8259 -0.2972
vn 0.4201 0.8282 -0.3710
vn -0.5943 0.7883 0.1593
vn -0.3580 0.0465 -0.9326
vn -0.1511 -0.2180 -0.9642
vn -0.6365 0.5465 -0.5443
vn 0.0726 -0.4574 -0.8863
vn 0.6538 -0.7486 0.1097
vn 0.6646 -0.7088 0.2365
vn 0.6641 -0.6619 0.3477
vn 0.1519 0.2171 0.9643
vn 0.5663 -0.3843 0.7291
vn 0.8707 0.4890 -0.0524
vn -0.7788 -0.3924 0.4893
vn -0.2947 -0.0397 -0.9548
vn 0.8885 0.3899 -0.2422
vn 0.8876 0.3892 -0.2462
vn 0.8684 0.3746 -0.3250
vn -0.7397 -0.6641 -0.1082
vn -0.7485 -0.6630 -0.0131
vn -0.7141 -0.6474 0.2664
vn -0.7773 -0.5663 0.2741
vn -0.8051 -0.4055 0.4328
vn -0.8457 -0.5286 0.0739
vn 0.7128 0.6602 -0.2367
vn 0.6243 0.7489 0.2220
vn 0.6565 0.7500 0.0802
vn -0.6733 -0.3192 0.6669
vn 0.7769 0.5800 -0.2449
vn 0.6522 0.4816 -0.5854
vn 0.6095 0.6692 -0.4250
vn 0.6291 0.7751 -0.0589
vn 0.8380 0.4638 -0.2874
vn 0.8170 0.5658 -0.1114
vn -0.6308 -0.7452 0.2162
vn -0.6547 -0.6456 0.3932
vn -0.7464 -0.6144 0.2559
vn -0.7503 -0.6599 0.0400
vn -0.9693 -0.2432 0.0369
vn -0.8503 -0.5228 -0.0612
vn -0.4142 -0.9071 0.0746
vn -0.4276 -0.8980 0.1036
vn -0.4475 -0.8819 0.1483
vn -0.9316 -0.3013 0.2033
vn -0.9410 -0.1962 0.2758
vn -0.9318 -0.3128 0.1841
vn -0.3170 -0.9375 0.1436
vn -0.3638 -0.9268 0.0927
vn -0.9796 -0.1823 0.0840
vn -0.7427 -0.6258 0.2385
vn -0.8360 -0.3548 0.4185
vn -0.5127 -0.7331 0.4469
vn -0.7156 -0.5754 0.3960
vn -0.4242 -0.8825 0.2030
vn -0.4245 -0.8824 0.2028
vn -0.4241 -0.8826 0.2030
vn -0.9513 -0.2594 0.1665
vn -0.9513 -0.2593 0.1665
vn -0.9513 -0.2593 0.1666
vn -0.4117 -0.8966 0.1632
vn -0.4363 -0.8561 0.2771
vn -0.4552 -0.8095 0.3708
vn -0.6113 -0.7906 -0.0351
vn -0.7138 -0.5992 0.3625
vn -0.7259 -0.5878 0.3573
vn -0.7108 -0.6020 0.3638
vn -0.4831 -0.7727 0.4119
vn -0.5257 -0.7254 0.4443
vn -0.9183 -0.3735 0.1314
vn -0.9257 -0.3304 0.1845
vn -0.9492 -0.2989 0.0984
vn -0.5523 -0.7961 0.2475
vn -0.5515 -0.7954 0.2515
vn -0.5668 -0.8067 0.1670
vn 0.6357 0.7720 0.0044
vn -0.5679 -0.6951 0.4408
vn 0.0205 0.3631 0.9315
vn 0.4440 -0.1732 0.8792
vn -0.0212 -0.3624 -0.9318
vn -0.5154 0.2903 -0.8063
vn 0.6655 -0.6830 0.3012
vn -0.3736 0.7050 0.6029
vn 0.8217 0.5329 -0.2020
vn -0.6597 -0.6865 0.3059
vn 0.2947 0.0397 0.9548
vn 0.9010 0.1515 -0.4064
vn 0.3784 0.9068 -0.1861
vn 0.9352 0.2368 -0.2634
vn 0.9163 0.1241 -0.3808
vn 0.7556 0.6370 -0.1530
vn 0.9010 0.4012 -0.1652
vn 0.7139 0.6996 0.0303
vn -0.7322 -0.3930 0.5563
vn -0.7115 -0.4737 0.5190
vn 0.6885 0.5198 -0.5057
vn -0.3970 -0.9170 0.0387
vn -0.9458 -0.1832 0.2679
vn -0.3638 -0.9296 0.0581
vn -0.7288 -0.5849 0.3559
vn -0.9030 -0.3955 0.1680
vn -0.5339 -0.7799 0.3268
vn 0.5049 0.8618 0.0497
vn -0.9013 0.2678 0.3405
vn -0.8475 0.5287 -0.0476
vn -0.9432 0.2966 0.1496
vn -0.5603 -0.7994 -0.2168
vn 0.0838 -0.6119 0.7865
vn 0.5084 0.0850 0.8569
vn 0.5816 0.3248 0.7458
vn -0.7589 0.0464 0.6496
vn -0.7482 0.0962 0.6565
vn -0.7647 0.0141 0.6442
vn -0.1118 -0.7884 0.6050
vn 0.0738 -0.6227 0.7790
vn -0.2526 0.3996 -0.8812
vn 0.3452 -0.2543 0.9034
vn -0.2114 0.4571 -0.8639
vn -0.5812 -0.3230 -0.7469
vn -0.7912 0.4390 0.4258
vn -0.5049 -0.8618 -0.0497
vn -0.7093 0.7027 0.0559
vn -0.7994 0.5926 0.0991
vn -0.7858 0.6103 0.1007
vn -0.7301 -0.0089 0.6833
vn -0.6808 -0.0028 0.7325
vn -0.8050 0.5889 -0.0721
vn -0.8011 0.4203 0.4261
vn -0.6590 0.6948 0.2881
vn -0.6039 0.4024 0.6880
vn -0.6934 0.5362 0.4813
vn 0.4144 0.8969 -0.1546
vn -0.3452 0.2543 -0.9034
vn -0.5817 -0.3252 -0.7456
vn -0.1677 -0.8253 0.5392
vn -0.7101 0.1225 0.6934
vn -0.7098 0.1224 0.6937
vn -0.7099 0.1224 0.6936
vn -0.7926 0.6083 0.0420
vn -0.6765 0.1926 0.7108
vn -0.6301 0.2877 0.7213
vn -0.7232 0.0812 0.6859
vn -0.0511 0.6464 -0.7613
vn -0.8943 0.0880 0.4388
vn -0.7226 0.5099 0.4668
vn -0.7162 0.5011 0.4857
vn -0.7175 0.5029 0.4820
vn -0.0158 0.6814 -0.7318
vn 0.0449 0.7361 -0.6754
vn 0.2526 -0.3996 0.8812
vn -0.6159 0.3464 0.7076
vn -0.6106 0.4107 0.6771
vn -0.8416 0.5264 0.1211
vn -0.8275 0.5373 0.1628
vn -0.8381 0.5443 0.0358
vn -0.8039 0.5836 0.1147
vn 0.0292 0.7226 -0.6906
vn -0.6048 -0.4584 -0.6512
vn -0.6006 -0.6892 -0.4053
vn -0.4014 0.1527 -0.9031
vn -0.5282 -0.8415 -0.1139
vn 0.1403 -0.5475 0.8250
vn 0.2182 -0.4478 0.8671
vn 0.2855 -0.3507 0.8919
vn 0.6007 0.6885 0.4063
vn 0.3370 -0.2681 0.9025
vn -0.6729 0.3509 0.6512
vn 0.9316 -0.1658 -0.3234
vn -0.5564 -0.2275 -0.7992
vn -0.7413 0.2619 0.6180
vn -0.7914 0.2052 0.5758
vn -0.7438 0.2592 0.6161
vn 0.6343 -0.2830 -0.7194
vn 0.7665 -0.4793 -0.4274
vn 0.6818 -0.3315 -0.6521
vn 0.8264 -0.4025 -0.3938
vn 0.8050 -0.2462 -0.5398
vn 0.9161 -0.3527 -0.1906
vn -0.7531 0.4739 0.4564
vn -0.5711 0.3883 0.7232
vn -0.4829 0.3188 0.8156
vn 0.8926 -0.4445 0.0752
vn -0.8141 0.3977 0.4233
vn -0.8411 0.5356 0.0748
vn -0.6042 0.4908 0.6277
vn -0.7375 0.6097 0.2905
vn -0.8862 0.3121 0.3425
vn -0.7949 0.3036 0.5253
vn 0.6708 -0.5518 -0.4955
vn 0.7651 -0.5619 -0.3143
vn 0.7912 -0.4390 -0.4258
vn 0.6425 -0.5887 -0.4904
vn 0.5444 -0.5288 -0.6511
vn 0.5487 -0.2459 -0.7991
vn 0.6365 -0.7634 -0.1100
vn 0.6977 -0.7060 -0.1218
vn 0.6611 -0.7415 -0.1147
vn 0.6897 -0.2084 -0.6935
vn 0.6798 -0.2281 -0.6971
vn 0.7044 -0.0817 -0.7050
vn 0.6632 -0.7484 0.0091
vn 0.6382 -0.7681 -0.0532
vn 0.5633 -0.1702 -0.8085
vn 0.8428 -0.1384 -0.5202
vn 0.7809 -0.4574 -0.4254
vn 0.8953 -0.4294 -0.1189
vn 0.8715 -0.3321 -0.3609
vn 0.7313 -0.6771 -0.0821
vn 0.7313 -0.6771 -0.0820
vn 0.7312 -0.6771 -0.0824
vn 0.6505 -0.1924 -0.7347
vn 0.6505 -0.1923 -0.7348
vn 0.7007 -0.7089 -0.0805
vn 0.8446 -0.5305 -0.0725
vn 0.7832 -0.6173 -0.0749
vn 0.5821 -0.7312 -0.3558
vn 0.8548 -0.3695 -0.3643
vn 0.8558 -0.3711 -0.3604
vn 0.8507 -0.3631 -0.3800
vn 0.8954 -0.4249 -0.1334
vn 0.8726 -0.4795 -0.0935
vn 0.6593 -0.3063 -0.6867
vn 0.6852 -0.2425 -0.6868
vn 0.6133 -0.2610 -0.7454
vn 0.7825 -0.5877 -0.2055
vn 0.7299 -0.6389 -0.2430
vn 0.7851 -0.5850 -0.2036
vn -0.5678 0.6661 0.4836
vn 0.8521 -0.4952 -0.1695
vn 0.6116 0.5677 0.5511
vn 0.4679 -0.0140 0.8837
vn -0.6116 -0.5670 -0.5518
vn -0.4013 0.1529 -0.9031
vn 0.0281 -0.6695 0.7423
vn 0.4954 0.8683 0.0254
vn -0.7716 0.3639 0.5217
vn 0.7987 -0.5074 -0.3235
vn 0.5564 0.2275 0.7992
vn -0.7708 -0.0258 0.6366
vn -0.7092 0.7039 0.0400
vn -0.7101 0.1225 0.6933
vn -0.7926 0.6084 0.0419
vn -0.7449 -0.0353 0.6662
vn -0.7238 0.5115 0.4630
vn -0.6908 0.3117 0.6524
vn -0.6435 0.3602 0.6753
vn 0.9009 -0.4285 -0.0691
vn 0.8674 -0.4781 -0.1379
vn -0.8414 0.5137 0.1678
vn 0.6052 -0.7892 -0.1041
vn 0.6946 -0.0749 -0.7155
vn 0.7312 -0.6771 -0.0825
vn 0.6121 -0.7882 -0.0642
vn 0.8497 -0.3615 -0.3839
vn 0.6914 -0.3054 -0.6547
vn 0.8302 -0.5322 -0.1663
vn -0.1657 -0.1433 -0.9757
vn 0.7439 -0.2683 0.6121
vn -0.9774 -0.1079 0.1818
vn -0.2112 0.4574 -0.8638
vn -0.6644 -0.3590 -0.6556
vn 0.2112 -0.4574 0.8638
vn -0.7342 0.5092 0.4491
vn -0.7493 0.6615 0.0301
vn 0.1657 0.1433 0.9757
vn 0.8709 0.4001 0.2852
vn 0.0847 0.9366 0.3400
vn 0.4617 -0.5441 0.7005
vn 0.5513 -0.1190 -0.8258
vn 0.6808 0.5130 -0.5228
vn -0.0103 0.8826 0.4700
vn -0.0106 0.8828 0.4696
vn -0.0103 0.8825 0.4701
vn -0.7086 -0.6804 -0.1870
vn 0.9757 0.0458 -0.2143
vn 0.9261 0.3762 -0.0272
vn 0.7334 0.6584 0.1693
vn 0.1166 0.2329 0.9655
vn 0.7558 -0.3203 0.5711
vn -0.2011 0.9209 -0.3340
vn 0.4181 0.4110 -0.8101
vn -0.2062 0.2972 -0.9323
vn -0.4126 -0.6800 0.6061
vn 0.9774 0.1079 -0.1818
vn 0.4477 -0.2362 -0.8624
vn 0.6880 0.6973 0.2010
vn 0.6167 0.7792 0.1119
vn 0.2062 -0.2972 0.9323
vn -0.7359 -0.0017 0.6771
vn -0.0608 0.6684 0.7413
vn -0.0868 -0.8779 0.4710
vn -0.7704 -0.2649 -0.5799
vn -0.9140 0.3369 -0.2261
vn -0.0097 0.8829 0.4694
vn -0.0097 0.8827 0.4699
vn -0.0097 0.8826 0.4700
vn 0.7532 -0.4871 -0.4420
vn -0.9694 -0.2114 0.1251
vn -0.9454 0.1287 0.2993
vn -0.7761 0.4588 0.4326
vn 0.1568 0.2382 0.9585
vn -0.4156 -0.4753 0.7755
vn -0.1609 0.9262 -0.3410
vn -0.7533 0.2560 -0.6058
vn 0.1877 -0.0470 0.9811
vn 0.9999 0.0122 -0.0016
vn -0.7859 -0.4050 0.4672
vn -0.1750 0.8953 -0.4096
vn 0.0101 -0.8827 -0.4698
vn -0.0101 0.8827 0.4698
vn -0.1940 0.1152 -0.9742
vn 0.9672 -0.2114 0.1411
vn 0.5512 -0.3871 0.7391
vn 0.6489 -0.5953 -0.4738
vn 0.1898 -0.8269 0.5293
vn -0.1576 -0.4654 0.8710
vn -0.6337 -0.7370 -0.2352
vn -0.9137 -0.1990 0.3544
vn 0.1054 0.4969 0.8614
vn -0.1894 0.0642 -0.9798
vn -0.0107 0.8829 0.4695
vn -0.0096 0.8830 0.4693
vn 0.4684 0.3364 -0.8170
vn 0.7537 0.2005 -0.6259
vn 0.7663 0.2019 -0.6099
vn 0.3618 0.8805 0.3062
vn 0.2297 0.9413 0.2472
vn 0.3619 0.8806 0.3059
vn 0.7643 0.6448 0.0141
vn 0.5116 0.6270 -0.5874
vn 0.4067 0.8261 -0.3901
vn 0.4461 0.8512 0.2765
vn 0.3316 0.9391 -0.0902
vn -0.2351 0.9601 0.1516
vn 0.1311 0.7974 -0.5891
vn 0.1356 0.7188 0.6819
vn 0.1355 0.7188 0.6819
vn 0.4408 -0.8492 0.2908
vn 0.4959 -0.7371 0.4592
vn 0.7391 0.3471 0.5773
vn 0.8557 0.1136 0.5049
vn 0.9875 0.1442 -0.0637
vn 0.9189 0.0085 0.3945
vn 0.6476 0.0051 0.7620
vn 0.7544 -0.1076 0.6475
vn 0.9455 0.2526 -0.2056
vn -0.8895 -0.3468 0.2976
vn -0.9890 -0.1465 -0.0182
vn -0.9860 -0.1660 0.0184
vn -0.5004 0.7234 -0.4757
vn 0.3031 0.4629 0.8330
vn 0.5393 -0.4332 0.7221
vn -0.3581 -0.3506 -0.8653
vn 0.5381 -0.3775 0.7536
vn -0.3693 -0.3253 -0.8705
vn -0.6851 0.7230 -0.0889
vn -0.1707 0.9041 -0.3918
vn -0.6580 0.7426 -0.1247
vn 0.2650 -0.4233 -0.8664
vn 0.4374 -0.4683 -0.7677
vn 0.4378 -0.4675 -0.7679
vn -0.7903 0.1898 -0.5826
vn -0.2071 0.3828 -0.9003
vn -0.7931 0.1887 -0.5791
vn 0.4358 0.6193 0.6531
vn 0.9812 0.1007 -0.1644
vn 0.9830 0.0756 -0.1673
vn 0.9814 0.1003 -0.1636
vn 0.4477 -0.7740 -0.4477
vn -0.1223 0.9095 -0.3973
vn 0.1793 0.8804 -0.4390
vn 0.8319 -0.5440 -0.1095
vn -0.1774 -0.8785 0.4437
vn 0.3671 -0.9235 0.1115
vn -0.0745 -0.7873 -0.6120
vn -0.0746 -0.7873 -0.6120
vn -0.9843 -0.0690 0.1625
vn -0.9812 -0.1013 0.1644
vn -0.9867 -0.0396 0.1574
vn -0.0358 -0.8249 -0.5642
vn -0.8528 -0.3638 0.3747
vn -0.5589 -0.7680 0.3128
vn 0.8378 -0.3052 -0.4527
vn -0.3271 0.6523 0.6838
vn -0.3463 0.7505 0.5629
vn -0.3395 0.7591 0.5555
vn -0.8300 0.5460 0.1142
vn 0.8189 0.1901 -0.5415
vn -0.5596 -0.7987 -0.2213
vn -0.5853 -0.7051 -0.4003
vn -0.5603 -0.7983 -0.2209
vn -0.0340 -0.8266 -0.5617
vn -0.0570 -0.8049 -0.5906
vn 0.4921 0.1505 0.8575
vn -0.5250 -0.4549 -0.7193
vn -0.5088 -0.4269 -0.7476
vn -0.3240 0.8962 0.3030
vn -0.0368 -0.8240 -0.5654
vn -0.3212 0.9049 0.2792
vn -0.0502 0.9870 0.1529
vn -0.1677 -0.3139 -0.9345
vn 0.2170 0.9435 0.2505
vn 0.5047 0.3280 -0.7986
vn 0.1959 0.7302 -0.6546
vn -0.1257 -0.3226 -0.9381
vn 0.2488 -0.4234 -0.8711
vn 0.8441 0.2800 -0.4572
vn 0.8439 0.2807 -0.4571
vn 0.8436 0.2787 -0.4591
vn -0.6117 0.1888 0.7682
vn -0.9653 0.1376 0.2220
vn -0.6739 -0.2840 0.6820
vn -0.3717 0.5803 0.7247
vn -0.8616 0.4058 0.3050
vn -0.6501 0.6138 0.4479
vn -0.8874 0.4599 -0.0308
vn -0.0235 0.0945 0.9953
vn -0.0188 -0.1762 0.9842
vn -0.5303 -0.3587 0.7682
vn -0.0816 -0.3231 0.9428
vn 0.3190 -0.1038 0.9420
vn -0.3694 -0.3253 -0.8705
vn 0.0343 0.4863 0.8731
vn -0.5848 -0.4187 0.6948
vn -0.5767 -0.4412 0.6876
vn -0.5855 -0.4184 0.6943
vn -0.1715 -0.9792 -0.1083
vn 0.5536 0.4708 -0.6869
vn 0.5704 0.4461 -0.6896
vn 0.5436 0.4876 -0.6832
vn -0.0359 -0.8249 -0.5641
vn 0.3900 0.1167 0.9134
vn -0.9339 0.3558 -0.0353
vn -0.8400 -0.2781 0.4659
vn -0.8402 -0.2774 0.4659
vn -0.8402 -0.2772 0.4660
vn 0.8296 0.1260 -0.5440
vn -0.4903 0.0397 -0.8706
vn 0.4660 -0.8072 0.3623
vn -0.7063 -0.4639 0.5348
vn -0.8320 0.0930 -0.5469
vn 0.8789 -0.4114 0.2415
vn 0.3756 0.2451 0.8938
vn 0.5500 0.3201 0.7714
vn 0.4808 -0.6182 0.6218
vn 0.9750 -0.1653 0.1487
vn -0.8734 0.0650 -0.4827
vn -0.8296 -0.1260 0.5440
vn -0.3471 -0.6468 -0.6791
vn 0.5311 0.1231 0.8383
vn 0.3357 -0.8910 0.3056
vn 0.3856 0.5754 0.7213
vn -0.5462 -0.0192 -0.8374
vn -0.4574 0.7123 -0.5324
vn 0.5181 -0.1809 0.8360
vn 0.0674 0.7946 0.6033
vn -0.8290 -0.4236 0.3650
vn -0.1209 0.3286 -0.9367
vn 0.0134 -0.6981 0.7158
vn 0.4225 0.2606 0.8681
vn 0.2191 0.2104 0.9527
vn 0.5727 -0.5878 0.5714
vn -0.2145 -0.5595 0.8006
vn -0.0405 0.3409 -0.9392
vn -0.4135 0.0248 -0.9102
vn 0.1290 0.4903 0.8620
vn -0.0787 -0.5578 -0.8262
vn -0.0788 -0.5578 -0.8262
vn 0.8290 0.4236 -0.3650
vn 0.3717 0.0703 0.9257
vn 0.5159 -0.8313 0.2068
vn -0.5573 0.6791 -0.4776
vn 0.9830 -0.1676 0.0743
vn 0.9711 -0.2340 0.0478
vn 0.9867 -0.1359 0.0893
vn 0.5026 -0.7163 0.4840
vn 0.3978 0.2565 0.8809
vn 0.9611 0.0783 0.2649
vn 0.9582 0.0959 0.2696
vn 0.9571 0.1021 0.2712
vn 0.9214 0.0919 0.3776
vn 0.9204 0.1252 0.3704
vn 0.9189 0.1499 0.3648
vn 0.9739 0.2267 0.0054
vn 0.9871 -0.0813 0.1382
vn 0.9332 -0.1839 0.3087
vn 0.9659 -0.1322 0.2228
vn 0.9653 -0.1333 0.2247
vn -0.0015 0.8570 0.5153
vn 0.9445 0.2170 -0.2466
vn 0.9631 0.1029 -0.2486
vn 0.9141 0.3256 -0.2416
vn -0.4477 -0.1155 -0.8867
vn 0.9342 -0.2130 0.2863
vn 0.9378 -0.2174 0.2707
vn 0.9389 -0.2025 0.2783
vn -0.3338 -0.4025 -0.8524
vn -0.5241 0.2216 -0.8223
vn -0.5338 0.3087 -0.7872
vn -0.5301 0.2706 -0.8036
vn 0.9897 -0.0958 0.1065
vn 0.9892 -0.0988 0.1079
vn 0.9426 -0.1967 0.2699
vn 0.9305 -0.2249 0.2890
vn -0.5338 0.3087 -0.7873
vn -0.5393 0.4332 -0.7221
vn 0.4566 -0.8242 0.3348
vn 0.3338 0.4025 0.8524
vn -0.2746 -0.5844 0.7636
vn -0.2794 -0.5555 0.7832
vn -0.2590 -0.6416 0.7220
vn -0.2363 -0.2998 0.9243
vn -0.2329 -0.3173 0.9193
vn -0.2374 -0.2938 0.9259
vn -0.1559 -0.2314 0.9603
vn -0.1350 -0.2582 0.9566
vn -0.1712 -0.2113 0.9623
vn -0.5097 -0.2649 0.8185
vn -0.2672 -0.4969 0.8256
vn -0.0639 -0.5143 0.8552
vn -0.1686 -0.5082 0.8446
vn -0.0680 -0.5451 0.8356
vn -0.0812 -0.5406 0.8374
vn -0.0797 -0.5545 0.8283
vn -0.1664 -0.5083 0.8449
vn -0.2861 -0.5185 0.8058
vn -0.0397 -0.5580 0.8289
vn -0.0589 -0.5527 0.8313
vn -0.0197 -0.5454 0.8379
vn -0.6887 -0.3241 0.6485
vn -0.6444 -0.4298 0.6325
vn -0.5888 -0.5340 0.6067
vn -0.0920 -0.5395 0.8370
vn 0.9231 -0.2389 0.3012
vn 0.9208 -0.2494 0.2998
vn -0.5819 -0.4546 0.6743
vn -0.5572 -0.4698 0.6847
vn -0.5392 -0.4759 0.6949
vn 0.9812 0.0633 -0.1824
vn 0.9861 0.0416 -0.1611
vn 0.9893 0.0306 -0.1429
vn 0.9885 0.0445 -0.1443
vn 0.8433 0.2785 -0.4597
vn 0.8421 0.2790 -0.4615
vn -0.8409 -0.2795 0.4634
vn -0.8421 -0.2790 0.4615
vn -0.8406 -0.2794 0.4640
vn 0.9291 0.0780 -0.3616
vn 0.7742 0.1871 -0.6046
vn -0.8817 -0.3617 0.3030
vn -0.8960 -0.3461 0.2782
vn -0.2115 0.3816 -0.8998
vn 0.1882 0.8854 -0.4249
vn -0.9814 -0.1002 0.1636
vn -0.9875 -0.0198 0.1561
vn -0.9868 -0.0290 0.1593
vn -0.3274 0.6522 0.6837
vn -0.8251 0.5496 0.1305
vn -0.5822 -0.6988 -0.4156
vn -0.1281 -0.7277 -0.6738
vn -0.0447 -0.8167 -0.5754
vn 0.0015 -0.8570 -0.5153
vn -0.0448 -0.8167 -0.5754
vn -0.0739 0.9869 0.1437
vn 0.8439 0.2809 -0.4570
vn 0.2384 -0.2786 0.9304
vn 0.5847 0.4188 -0.6947
vn 0.5857 0.4179 -0.6944
vn 0.5502 0.4803 -0.6831
vn 0.4661 -0.8072 0.3623
vn -0.4574 0.7123 -0.5325
vn 0.0134 -0.6982 0.7158
vn -0.5574 0.6791 -0.4776
vn 0.9621 0.0721 0.2632
vn 0.9214 0.0653 0.3830
vn 0.9689 -0.0178 -0.2470
vn 0.9159 -0.2354 0.3251
vn -0.5338 0.3088 -0.7872
vn -0.2317 -0.3235 0.9174
vn -0.1184 -0.2792 0.9529
vn -0.2835 -0.5205 0.8054
vn -0.0349 -0.5661 0.8236
vn -0.7231 -0.2169 0.6558
vn -0.5850 -0.4187 0.6946
vn -0.5465 -0.4641 0.6971
vn 0.9814 0.1003 -0.1639
vn -0.6548 0.7375 0.1656
vn 0.2036 0.2704 0.9410
vn -0.7492 -0.5922 -0.2967
vn 0.7492 0.5922 0.2967
vn 0.6924 0.6517 0.3096
vn 0.9556 0.2193 0.1970
vn 0.7797 0.5558 0.2883
vn 0.7904 0.5422 0.2851
vn 0.8935 0.3779 0.2427
vn 0.2348 0.1814 -0.9550
vn 0.4850 -0.7956 0.3631
vn 0.4063 0.0517 0.9123
vn 0.6145 -0.4543 -0.6450
vn 0.4882 -0.0515 0.8712
vn 0.6758 0.4429 -0.5892
vn -0.0029 -0.4451 0.8955
vn 0.0124 -0.4605 0.8876
vn 0.2491 0.1633 -0.9546
vn 0.5977 0.5561 -0.5775
vn 0.3906 0.7632 -0.5147
vn 0.6354 0.7029 0.3196
vn 0.7941 0.5374 0.2840
vn 0.3854 -0.5027 0.7738
vn 0.1251 0.7852 0.6064
vn -0.3547 0.6955 -0.6249
vn -0.3607 0.5958 -0.7176
vn 0.3603 -0.3535 0.8633
vn -0.1183 -0.6517 -0.7492
vn 0.9313 0.1889 -0.3114
vn -0.9313 -0.1889 0.3114
vn 0.3640 -0.5107 0.7789
vn 0.1183 0.6517 0.7492
vn -0.3248 0.0439 -0.9448
vn -0.4189 -0.5096 -0.7515
vn 0.2637 0.2397 0.9343
vn -0.3444 0.7345 -0.5846
vn -0.2332 -0.3473 -0.9083
vn -0.2426 -0.8587 -0.4514
vn 0.2186 -0.7652 -0.6056
vn 0.0513 -0.4143 -0.9087
vn 0.1551 -0.9793 -0.1301
vn 0.3005 0.0842 0.9500
vn -0.3463 0.1947 -0.9177
vn 0.3444 -0.7345 0.5846
vn -0.7934 -0.5619 0.2342
vn -0.1251 -0.7852 -0.6064
vn 0.3244 -0.8189 0.4735
vn -0.9379 -0.2972 0.1791
vn -0.1482 0.9776 0.1498
vn -0.1482 0.9775 0.1498
vn 0.2464 -0.9564 0.1567
vn -0.3563 0.2961 -0.8862
vn 0.0752 -0.9363 -0.3431
vn -0.0752 0.9363 0.3431
vn -0.2449 0.9576 -0.1517
vn -0.3445 0.7345 -0.5846
vn -0.4124 -0.6778 -0.6087
vn -0.3518 0.6880 -0.6347
vn 0.9164 -0.2151 -0.3374
vn 0.2311 0.3544 0.9061
vn 0.3510 -0.2373 0.9058
vn -0.9222 -0.0659 0.3811
vn 0.9218 0.3081 -0.2354
vn 0.9278 0.2533 -0.2740
vn -0.8906 -0.0196 0.4544
vn -0.0590 -0.8284 0.5571
vn -0.9387 -0.2763 0.2059
vn -0.9388 -0.2763 0.2059
vn -0.9085 -0.3315 0.2545
vn 0.9317 0.0417 -0.3607
vn 0.9064 0.0979 -0.4110
vn 0.1885 -0.5560 -0.8096
vn 0.8975 0.0750 -0.4345
vn 0.6579 -0.6829 0.3174
vn 0.2111 0.6674 0.7141
vn 0.0242 0.6295 0.7766
vn 0.5002 -0.8520 0.1547
vn 0.0219 -0.9490 0.3146
vn 0.3564 -0.2972 0.8858
vn 0.3445 -0.7345 0.5846
vn 0.2074 -0.5478 -0.8105
vn -0.0888 0.8145 -0.5733
vn 0.3247 0.8201 -0.4712
vn -0.2806 0.7604 -0.5858
vn -0.9711 -0.0153 -0.2381
vn -0.9711 -0.0153 -0.2382
vn -0.2074 0.5478 0.8105
vn -0.9382 -0.2479 0.2413
vn 0.3770 -0.2565 0.8900
vn 0.7395 0.5959 0.3130
vn -0.3878 0.8556 -0.3429
vn -0.4773 0.6665 -0.5727
vn 0.1274 0.8366 -0.5329
vn -0.9156 -0.4004 0.0364
vn 0.3179 -0.6642 -0.6766
vn -0.0878 0.4076 0.9089
vn 0.4297 0.6770 0.5975
vn -0.1103 0.6961 -0.7095
vn 0.2727 0.5335 -0.8006
vn -0.2862 0.7297 -0.6210
vn -0.8994 0.3800 0.2162
vn -0.4297 -0.6770 -0.5975
vn 0.2483 -0.9658 0.0746
vn 0.5715 -0.3300 -0.7513
vn -0.4481 0.5234 -0.7248
vn -0.4652 0.7331 -0.4962
vn 0.0893 0.6266 -0.7742
vn -0.8347 0.0454 0.5488
vn 0.5313 0.5118 0.6751
vn -0.3093 -0.8127 -0.4938
vn -0.9166 -0.1283 0.3788
vn -0.5538 0.7202 -0.4178
vn -0.5539 0.7202 -0.4178
vn -0.8004 0.5919 -0.0951
vn -0.4011 0.7359 -0.5455
vn 0.5808 0.2995 -0.7570
vn 0.9166 0.1283 -0.3788
vn 0.3294 -0.2661 0.9059
vn -0.5715 0.3300 0.7513
vn -0.2150 0.8906 -0.4007
vn -0.2160 0.7195 -0.6600
vn -0.6970 0.6694 -0.2572
vn 0.8347 -0.0454 -0.5488
vn -0.3923 -0.8082 -0.4392
vn 0.4483 0.5163 0.7297
vn -0.5754 0.6017 -0.5540
vn -0.8524 0.3053 -0.4245
vn -0.4066 0.7052 -0.5808
vn 0.6525 0.6947 -0.3026
vn 0.2007 -0.9755 0.0905
vn -0.7395 -0.5959 -0.3130
vn -0.2753 0.5584 -0.7825
vn -0.2039 0.7861 -0.5835
vn -0.7351 0.4594 -0.4986
vn 0.9156 0.4004 -0.0364
vn -0.1789 0.3678 0.9126
vn 0.2268 -0.7040 -0.6730
vn 0.9382 0.2479 -0.2413
vn -0.3187 0.8366 -0.4457
vn -0.3638 0.4427 -0.8196
vn 0.2978 -0.8871 0.3527
vn -0.3918 -0.7233 0.5686
vn 0.2768 -0.9227 0.2683
vn 0.3145 -0.8482 0.4262
vn 0.8722 -0.4669 0.1460
vn 0.3501 -0.6997 0.6228
vn 0.4160 -0.9089 0.0272
vn 0.0299 -0.9873 0.1563
vn 0.1763 0.5143 0.8393
vn 0.2902 -0.8840 0.3666
vn 0.3045 -0.8728 0.3814
vn 0.5924 -0.1912 -0.7826
vn 0.9204 0.1607 -0.3565
vn -0.8219 -0.4781 -0.3097
vn -0.8219 -0.4781 -0.3098
vn -0.9395 -0.2166 0.2653
vn -0.8167 -0.4790 0.3218
vn -0.4017 0.1750 0.8989
vn -0.9377 -0.2992 0.1765
vn -0.5081 0.3778 0.7740
vn -0.5080 0.3778 0.7740
vn 0.5041 0.4640 0.7284
vn 0.9949 0.0990 -0.0193
vn -0.3259 -0.8440 -0.4259
vn 0.5798 -0.5550 -0.5965
vn -0.7895 -0.5636 -0.2430
vn 0.7895 0.5636 0.2430
vn 0.5080 -0.3778 -0.7740
vn 0.5081 -0.3778 -0.7740
vn 0.0453 -0.6090 -0.7918
vn -0.0453 0.6090 0.7919
vn 0.9377 0.2992 -0.1765
vn 0.5799 -0.5550 -0.5965
vn -0.3260 -0.8440 -0.4259
vn 0.0453 -0.6090 -0.7919
vn -0.0453 0.6090 0.7918
vn -0.9882 -0.1432 0.0537
vn -0.5676 0.5196 0.6386
vn -0.3504 -0.8126 -0.4658
vn 0.5676 -0.5196 -0.6386
vn 0.3504 0.8126 0.4658
vn -0.8478 -0.4426 0.2920
vn 0.4272 -0.2202 -0.8770
vn -0.4909 -0.5131 -0.7041
vn -0.4272 0.2202 0.8770
vn 0.8478 0.4426 -0.2920
vn 0.4909 0.5131 0.7041
vn 0.9882 0.1432 -0.0537
vn 0.9552 -0.1196 -0.2706
vn 0.7549 0.4096 0.5123
vn 0.8966 0.0728 -0.4367
vn 0.6893 0.6207 0.3737
vn 0.8966 0.0729 -0.4367
vn -0.1112 0.3392 0.9341
vn -0.7770 -0.2604 0.5731
vn 0.2894 -0.7192 -0.6317
vn 0.6892 0.6207 0.3737
vn -0.5767 -0.7896 -0.2098
vn 0.6374 -0.2742 -0.7201
vn -0.6374 0.2742 0.7201
vn -0.6893 -0.6207 -0.3737
vn -0.2782 -0.6746 -0.6837
vn 0.2782 0.6746 0.6837
vn -0.8966 -0.0729 0.4367
vn -0.8966 -0.0728 0.4367
vn -0.6892 -0.6207 -0.3738
vn 0.7549 0.4096 0.5122
vn 0.6892 0.6207 0.3738
vn -0.6892 -0.6207 -0.3737
vn 0.8076 0.2210 -0.5467
vn 0.6046 0.7574 0.2467
vn 0.2732 -0.6861 -0.6743
vn -0.6046 -0.7574 -0.2467
vn -0.2732 0.6861 0.6743
vn 0.9480 -0.0784 -0.3084
vn -0.7450 -0.4579 -0.4851
vn 0.1328 -0.3866 -0.9126
vn 0.7450 0.4579 0.4851
vn -0.9480 0.0784 0.3084
vn -0.1328 0.3866 0.9126
vn -0.8076 -0.2210 0.5467
vn 0.3104 -0.8799 0.3598
vn 0.3173 -0.8641 0.3906
vn 0.2974 -0.8682 0.3973
vn -0.3444 0.7345 -0.5847
vn 0.3946 0.6783 0.6198
vn -0.3433 0.1700 -0.9237
vn 0.8352 -0.0446 -0.5481
vn -0.8352 0.0446 0.5481
vn -0.3629 0.5519 -0.7508
vn -0.3544 0.2728 -0.8944
vn 0.4437 -0.8943 0.0586
vn 0.3204 -0.0187 0.9471
vn 0.5306 -0.1402 0.8359
vn -0.1692 0.5640 0.8083
vn -0.9159 -0.3998 0.0373
vn 0.9159 0.3998 -0.0373
vn -0.3630 0.5519 -0.7508
vn 0.0226 -0.9797 0.1994
vn 0.1443 -0.2186 0.9651
vn 0.5946 0.0269 0.8036
vn -0.3208 0.8303 -0.4558
vn 0.6685 -0.6101 0.4252
vn -0.2795 -0.1773 -0.9436
vn 0.0197 -0.0897 0.9958
vn -0.0299 -0.7518 0.6587
vn -0.3543 0.2728 -0.8944
vn 0.4272 -0.0096 0.9041
vn 0.8237 0.4166 -0.3848
vn -0.8237 -0.4166 0.3848
vn 0.3729 -0.9091 -0.1858
vn -0.3729 0.9091 0.1858
vn -0.4272 0.0096 -0.9041
vn 0.2139 -0.0528 0.9754
vn -0.9749 0.0518 0.2165
vn 0.9749 -0.0518 -0.2165
vn -0.0619 -0.9973 -0.0404
vn 0.0619 0.9973 0.0404
vn -0.2139 0.0528 -0.9754
vn -0.1755 -0.7771 -0.6044
vn -0.2152 0.0304 -0.9761
vn 0.1755 0.7771 0.6044
vn -0.0892 -0.9820 -0.1667
vn -0.0051 -0.9775 0.2107
vn -0.0548 0.8868 -0.4588
vn -0.2024 -0.6109 -0.7654
vn 0.2217 0.3146 0.9230
vn -0.7888 -0.2564 0.5586
vn -0.7888 -0.2563 0.5586
vn 0.3895 0.5091 -0.7676
vn -0.9788 0.2036 0.0224
vn -0.2650 -0.3171 -0.9106
vn -0.4187 -0.0109 -0.9081
vn -0.0518 0.7310 0.6804
vn 0.5647 -0.5405 0.6237
vn 0.0518 -0.7310 -0.6804
vn 0.3143 -0.9001 -0.3016
vn -0.5378 0.7889 -0.2973
vn -0.0802 -0.5861 -0.8062
vn 0.2617 0.3227 0.9096
vn 0.9937 0.1052 -0.0373
vn -0.9104 0.2454 -0.3330
vn 0.6605 0.5361 -0.5256
vn 0.1844 0.4928 0.8504
vn 0.7958 0.4366 0.4196
vn 0.7422 0.5944 0.3096
vn 0.9812 0.0392 -0.1890
vn 0.5749 -0.3273 -0.7499
vn 0.6319 -0.4667 -0.6188
vn -0.0475 -0.7847 -0.6181
vn -0.7422 -0.5944 -0.3096
vn -0.6589 -0.7285 -0.1872
vn -0.8443 -0.3311 0.4213
vn -0.5749 0.3273 0.7499
vn -0.4950 0.1748 0.8511
vn -0.3265 0.0543 -0.9436
vn 0.1585 -0.9800 -0.1204
vn 0.1460 0.5895 0.7944
vn 0.3265 -0.0543 0.9436
vn -0.1895 0.9815 0.0286
vn 0.7251 0.4587 -0.5136
vn 0.3966 -0.0171 -0.9178
vn -0.0244 0.8854 0.4641
vn 0.5508 0.8326 0.0589
vn -0.6635 0.5863 0.4648
vn -0.8177 -0.2634 -0.5119
vn -0.9920 0.1104 0.0605
vn -0.2425 -0.3163 -0.9172
vn 0.7021 0.4786 -0.5272
vn -0.2748 -0.1964 -0.9412
vn 0.6955 0.3193 -0.6437
vn -0.1453 0.9767 0.1578
vn -0.1454 0.9767 0.1578
vn -0.1196 0.9662 0.2284
vn -0.3634 0.5377 -0.7608
vn 0.8676 0.0112 -0.4971
vn 0.3013 -0.8799 0.3675
vn -0.9297 -0.3534 0.1038
vn -0.8948 -0.0684 0.4412
vn -0.3175 0.8399 -0.4401
vn 0.9374 0.3032 -0.1713
vn 0.3601 -0.6051 0.7100
vn -0.9900 0.1354 0.0385
vn -0.9967 -0.0239 -0.0780
vn 0.8834 0.0313 0.4675
vn 0.1016 -0.9558 -0.2759
vn 0.0838 0.7208 0.6880
vn -0.2783 0.9206 -0.2740
vn 0.3181 -0.0057 0.9480
vn -0.2567 -0.2658 -0.9292
vn -0.2020 0.9793 -0.0100
vn 0.9222 0.3590 -0.1438
vn -0.3023 -0.0758 -0.9502
vn 0.3076 0.0496 0.9502
vn -0.3889 -0.2268 0.8929
vn -0.8873 -0.0080 0.4612
vn -0.9749 0.0518 0.2166
vn 0.9749 -0.0518 -0.2166
vn 0.3895 0.5090 -0.7676
vn 0.8237 0.4166 -0.3847
vt 0.416866 0.612329
vt 0.385812 0.641591
vt 0.385812 0.612329
vt 0.454072 0.539281
vt 0.485126 0.526316
vt 0.485126 0.539281
vt 0.416866 0.501951
vt 0.385812 0.519817
vt 0.385812 0.501951
vt 0.416866 0.539281
vt 0.385812 0.608959
vt 0.385812 0.539281
vt 0.286554 0.568474
vt 0.286554 0.582590
vt 0.323176 0.582590
vt 0.381720 0.539281
vt 0.381720 0.608959
vt 0.352458 0.539281
vt 0.396780 0.841114
vt 0.354354 0.854469
vt 0.354354 0.841114
vt 0.396780 0.798938
vt 0.354354 0.837931
vt 0.354354 0.798938
vt 0.439221 0.850053
vt 0.400689 0.813955
vt 0.439220 0.813953
vt 0.365510 0.943463
vt 0.374948 0.899573
vt 0.395944 0.909261
vt 0.439225 0.947892
vt 0.400694 0.978329
vt 0.400693 0.947893
vt 0.439223 0.909260
vt 0.400693 0.943462
vt 0.400692 0.909261
vt 0.249074 0.556571
vt 0.271805 0.528052
vt 0.271805 0.556571
vt 0.323176 0.501951
vt 0.279284 0.524682
vt 0.279284 0.501951
vt 0.323176 0.586201
vt 0.286554 0.608932
vt 0.286554 0.586201
vt 0.279284 0.556571
vt 0.323176 0.528052
vt 0.325824 0.528052
vt 0.348555 0.582590
vt 0.325824 0.582590
vt 0.249074 0.584635
vt 0.271805 0.570519
vt 0.271805 0.584635
vt 0.249074 0.570519
vt 0.339883 0.846802
vt 0.350818 0.854469
vt 0.350818 0.882532
vt 0.291499 0.896211
vt 0.249073 0.939763
vt 0.249073 0.896211
vt 0.396780 0.854469
vt 0.354354 0.882532
vt 0.396780 0.882532
vt 0.354354 0.895887
vt 0.416866 0.523187
vt 0.385812 0.536152
vt 0.385812 0.523187
vt 0.454072 0.608959
vt 0.485126 0.608959
vt 0.439222 0.881750
vt 0.400692 0.904874
vt 0.400691 0.881752
vt 0.464649 0.899570
vt 0.485645 0.909258
vt 0.474091 0.943459
vt 0.439222 0.877961
vt 0.400690 0.854840
vt 0.439221 0.854839
vt 0.339883 0.890199
vt 0.279050 0.696552
vt 0.314142 0.703480
vt 0.279050 0.703481
vt 0.331229 0.612955
vt 0.320759 0.619884
vt 0.320760 0.612954
vt 0.264946 0.665276
vt 0.264946 0.623964
vt 0.270229 0.659489
vt 0.483034 0.682866
vt 0.451085 0.662716
vt 0.483034 0.662716
vt 0.367563 0.612956
vt 0.363925 0.619885
vt 0.363925 0.612956
vt 0.264947 0.619883
vt 0.264947 0.612953
vt 0.443929 0.757499
vt 0.450859 0.757499
vt 0.450859 0.768172
vt 0.331229 0.619884
vt 0.260837 0.665253
vt 0.253907 0.623941
vt 0.260837 0.623941
vt 0.314141 0.696550
vt 0.325950 0.703480
vt 0.445153 0.754315
vt 0.435612 0.714441
vt 0.445153 0.707481
vt 0.432070 0.662745
vt 0.446662 0.682866
vt 0.432070 0.682895
vt 0.482808 0.768172
vt 0.489738 0.757499
vt 0.489738 0.789001
vt 0.450753 0.612953
vt 0.482702 0.612953
vt 0.489632 0.628854
vt 0.350006 0.686302
vt 0.347441 0.683721
vt 0.368891 0.659042
vt 0.306520 0.748820
vt 0.269585 0.748820
vt 0.306883 0.712768
vt 0.346099 0.696549
vt 0.325950 0.696550
vt 0.450859 0.789001
vt 0.327465 0.763400
vt 0.328906 0.771486
vt 0.310509 0.758680
vt 0.267889 0.712768
vt 0.309276 0.706955
vt 0.253907 0.731524
vt 0.260317 0.731219
vt 0.304696 0.754634
vt 0.266076 0.754634
vt 0.263991 0.706955
vt 0.347506 0.744878
vt 0.334957 0.732413
vt 0.483034 0.703583
vt 0.451085 0.688990
vt 0.483034 0.688990
vt 0.482773 0.754315
vt 0.450824 0.707481
vt 0.482773 0.707481
vt 0.443823 0.628854
vt 0.450753 0.643446
vt 0.428308 0.726395
vt 0.350006 0.694446
vt 0.428308 0.694446
vt 0.446662 0.662716
vt 0.428308 0.686302
vt 0.425675 0.645072
vt 0.279293 0.637403
vt 0.367562 0.619885
vt 0.431988 0.773557
vt 0.398930 0.740769
vt 0.398568 0.776821
vt 0.402557 0.786681
vt 0.420954 0.799488
vt 0.419514 0.791402
vt 0.401324 0.734955
vt 0.359936 0.740769
vt 0.345954 0.759525
vt 0.361631 0.776821
vt 0.352363 0.759220
vt 0.396743 0.782635
vt 0.439555 0.772879
vt 0.427006 0.760413
vt 0.249073 0.807809
vt 0.291499 0.890199
vt 0.249073 0.890199
vt 0.420477 0.539281
vt 0.426175 0.527635
vt 0.449739 0.539281
vt 0.249073 0.758951
vt 0.291499 0.802504
vt 0.249073 0.802504
vt 0.376022 0.527635
vt 0.358156 0.527635
vt 0.353954 0.909263
vt 0.296330 0.807809
vt 0.296330 0.890199
vt 0.443655 0.909260
vt 0.339883 0.807809
vt 0.443929 0.789001
vt 0.482808 0.757499
vt 0.482702 0.643446
vt 0.420477 0.608959
vt 0.449739 0.608959
vt 0.358122 0.782635
vt 0.356038 0.734955
vt 0.416866 0.641591
vt 0.454072 0.526316
vt 0.416866 0.519817
vt 0.416866 0.608959
vt 0.279284 0.528052
vt 0.352458 0.608959
vt 0.396780 0.837931
vt 0.400690 0.850054
vt 0.395945 0.943462
vt 0.439226 0.978327
vt 0.439225 0.943460
vt 0.249074 0.528052
vt 0.323176 0.524682
vt 0.323176 0.608932
vt 0.348555 0.528052
vt 0.291499 0.939763
vt 0.396780 0.895887
vt 0.416866 0.536152
vt 0.439223 0.904873
vt 0.443656 0.943460
vt 0.400691 0.877963
vt 0.320758 0.623964
vt 0.322501 0.634288
vt 0.319999 0.637403
vt 0.345479 0.657549
vt 0.343084 0.660287
vt 0.321108 0.683899
vt 0.314148 0.693438
vt 0.315883 0.680261
vt 0.279057 0.693438
vt 0.281167 0.680261
vt 0.451085 0.682866
vt 0.253907 0.665252
vt 0.435611 0.749534
vt 0.482808 0.789001
vt 0.489632 0.612953
vt 0.443823 0.612953
vt 0.369973 0.648628
vt 0.339940 0.745556
vt 0.346099 0.703479
vt 0.451085 0.703583
vt 0.450824 0.754315
vt 0.489632 0.658038
vt 0.482702 0.658038
vt 0.450753 0.658038
vt 0.443823 0.658038
vt 0.350006 0.726395
vt 0.291499 0.807809
vt 0.444041 0.527635
vt 0.291499 0.758951
vt 0.494585 0.134758
vt 0.465140 0.099786
vt 0.494585 0.099786
vt 0.400341 0.416638
vt 0.408235 0.386802
vt 0.423017 0.410282
vt 0.396031 0.105439
vt 0.426540 0.137138
vt 0.396031 0.137138
vt 0.357975 0.133269
vt 0.387921 0.073015
vt 0.364313 0.099532
vt 0.370150 0.073015
vt 0.365577 0.047419
vt 0.391016 0.034147
vt 0.392494 0.047419
vt 0.353992 0.420351
vt 0.371722 0.409396
vt 0.367661 0.424822
vt 0.240857 0.386951
vt 0.261526 0.430856
vt 0.240857 0.430856
vt 0.272444 0.386951
vt 0.300324 0.430985
vt 0.265232 0.430985
vt 0.304592 0.208422
vt 0.283915 0.139451
vt 0.304592 0.139451
vt 0.345274 0.212245
vt 0.308067 0.232922
vt 0.308067 0.212245
vt 0.362669 0.157591
vt 0.383345 0.213877
vt 0.362669 0.213877
vt 0.362669 0.139450
vt 0.383345 0.157591
vt 0.308067 0.139451
vt 0.347974 0.139451
vt 0.359020 0.153840
vt 0.347974 0.114951
vt 0.308067 0.135628
vt 0.308067 0.114951
vt 0.411796 0.327070
vt 0.431238 0.378816
vt 0.414751 0.385786
vt 0.371779 0.425967
vt 0.377180 0.410267
vt 0.428518 0.425953
vt 0.415276 0.470574
vt 0.400426 0.441431
vt 0.385620 0.470598
vt 0.385773 0.476138
vt 0.420671 0.491818
vt 0.378289 0.491817
vt 0.213181 0.382548
vt 0.188337 0.330308
vt 0.220882 0.330308
vt 0.494585 0.042424
vt 0.465140 0.042424
vt 0.426540 0.105439
vt 0.450499 0.139617
vt 0.450499 0.102960
vt 0.460331 0.136011
vt 0.328186 0.385037
vt 0.344833 0.406222
vt 0.328186 0.406222
vt 0.380846 0.473754
vt 0.354295 0.424794
vt 0.367930 0.429371
vt 0.421158 0.473914
vt 0.446418 0.425005
vt 0.428238 0.489433
vt 0.386503 0.384376
vt 0.366895 0.395581
vt 0.366851 0.363102
vt 0.471338 0.409652
vt 0.452265 0.396503
vt 0.471338 0.396503
vt 0.392023 0.386812
vt 0.392200 0.325548
vt 0.471338 0.371798
vt 0.452265 0.334629
vt 0.471338 0.334629
vt 0.272444 0.483494
vt 0.240857 0.484994
vt 0.261526 0.484994
vt 0.390289 0.325667
vt 0.360664 0.334421
vt 0.426915 0.409462
vt 0.445493 0.404589
vt 0.443915 0.420184
vt 0.431191 0.424829
vt 0.408244 0.259897
vt 0.439976 0.324498
vt 0.417796 0.324498
vt 0.408244 0.218555
vt 0.438565 0.153954
vt 0.449528 0.218555
vt 0.459051 0.141954
vt 0.493198 0.165307
vt 0.447084 0.165307
vt 0.447024 0.180494
vt 0.493259 0.180494
vt 0.452265 0.371798
vt 0.455811 0.209318
vt 0.484471 0.209318
vt 0.345943 0.357816
vt 0.344832 0.385037
vt 0.324187 0.333374
vt 0.327075 0.357816
vt 0.449528 0.259897
vt 0.032853 0.420023
vt 0.126472 0.391526
vt 0.126472 0.420091
vt 0.126978 0.330356
vt 0.110234 0.381113
vt 0.029089 0.330356
vt 0.132182 0.330356
vt 0.166459 0.381113
vt 0.183070 0.330356
vt 0.132263 0.321661
vt 0.036515 0.307539
vt 0.132263 0.264988
vt 0.331150 0.432946
vt 0.303855 0.431105
vt 0.319178 0.389961
vt 0.450509 0.040727
vt 0.444322 0.032711
vt 0.429729 0.040373
vt 0.429729 0.065646
vt 0.414494 0.099799
vt 0.450509 0.099799
vt 0.404323 0.074457
vt 0.404323 0.048097
vt 0.444322 0.008038
vt 0.413452 0.002195
vt 0.413954 0.476138
vt 0.433668 0.429578
vt 0.132182 0.381113
vt 0.117008 0.144668
vt 0.162380 0.180848
vt 0.112593 0.180848
vt 0.110296 0.209921
vt 0.167651 0.189434
vt 0.215285 0.237228
vt 0.173482 0.237228
vt 0.164805 0.144433
vt 0.221116 0.189434
vt 0.116537 0.113525
vt 0.157965 0.141789
vt 0.117008 0.141789
vt 0.167133 0.231865
vt 0.164677 0.209921
vt 0.209625 0.126185
vt 0.248742 0.114868
vt 0.237721 0.134002
vt 0.163638 0.116026
vt 0.176429 0.141235
vt 0.207610 0.096143
vt 0.169253 0.390522
vt 0.202782 0.398648
vt 0.202782 0.415791
vt 0.465140 0.134758
vt 0.357975 0.109307
vt 0.393758 0.099532
vt 0.367055 0.034147
vt 0.364168 0.397236
vt 0.261526 0.386951
vt 0.293112 0.386951
vt 0.283915 0.208422
vt 0.345274 0.232922
vt 0.383345 0.139450
vt 0.345274 0.208422
vt 0.308067 0.208422
vt 0.347974 0.135628
vt 0.437515 0.334953
vt 0.196038 0.382548
vt 0.460331 0.106566
vt 0.373068 0.489288
vt 0.374117 0.407941
vt 0.452265 0.409652
vt 0.408413 0.325580
vt 0.293112 0.483494
vt 0.419207 0.153954
vt 0.481232 0.141954
vt 0.348832 0.333374
vt 0.032853 0.391594
vt 0.126978 0.381113
vt 0.036515 0.279110
vt 0.182038 0.277053
vt 0.182038 0.309596
vt 0.316240 0.483807
vt 0.395977 0.037274
vt 0.157965 0.144668
vt 0.223962 0.144433
vt 0.158436 0.113525
vt 0.107840 0.231865
vt 0.169253 0.423918
vt 0.152876 0.421503
vt 0.152876 0.392937
vt 0.215467 0.015727
vt 0.235951 0.007757
vt 0.235951 0.063890
vt 0.185665 0.042438
vt 0.156162 0.021298
vt 0.163742 0.012956
vt 0.133926 0.019128
vt 0.125838 0.067167
vt 0.125838 0.011034
vt 0.125838 0.078198
vt 0.133926 0.097248
vt 0.125838 0.101717
vt 0.256470 0.049041
vt 0.278618 0.019002
vt 0.296867 0.035797
vt 0.281324 0.015156
vt 0.303076 0.019812
vt 0.299573 0.031951
vt 0.314709 0.027458
vt 0.333836 0.009856
vt 0.361746 0.047709
vt 0.081197 0.102265
vt 0.112604 0.126785
vt 0.081197 0.126785
vt 0.133926 0.078198
vt 0.174649 0.053122
vt 0.163617 0.091152
vt 0.146420 0.074519
vt 0.175305 0.096471
vt 0.178281 0.053122
vt 0.188837 0.049821
vt 0.147087 0.106685
vt 0.163617 0.095052
vt 0.167736 0.103783
vt 0.159954 0.010710
vt 0.138196 0.014111
vt 0.139471 0.002739
vt 0.310494 0.102064
vt 0.300998 0.035797
vt 0.310494 0.027463
vt 0.276054 0.014871
vt 0.243103 0.040514
vt 0.271012 0.002660
vt 0.252054 0.049041
vt 0.253746 0.103316
vt 0.240392 0.048948
vt 0.296869 0.115634
vt 0.269496 0.106145
vt 0.296867 0.106137
vt 0.081197 0.071366
vt 0.112604 0.005795
vt 0.112604 0.071366
vt 0.067672 0.001951
vt 0.036265 0.021484
vt 0.036265 0.001951
vt 0.067672 0.117307
vt 0.036265 0.099390
vt 0.067672 0.099390
vt 0.072016 0.088630
vt 0.112604 0.102265
vt 0.121785 0.088630
vt 0.067672 0.094466
vt 0.036265 0.025328
vt 0.067672 0.025328
vt 0.021222 0.093307
vt 0.030115 0.108860
vt 0.005596 0.108740
vt 0.030115 0.024743
vt 0.007371 0.073892
vt 0.018246 0.009229
vt 0.002012 0.092698
vt 0.193544 0.045209
vt 0.207077 0.091858
vt 0.227726 0.071242
vt 0.283948 0.002209
vt 0.133926 0.067167
vt 0.153921 0.025247
vt 0.138196 0.019128
vt 0.138196 0.067167
vt 0.300998 0.102067
vt 0.081197 0.005795
vt 0.006642 0.257213
vt 0.089651 0.267214
vt 0.006642 0.267214
vt 0.089651 0.187364
vt 0.006642 0.197366
vt 0.006642 0.187364
vt 0.276181 0.328390
vt 0.266822 0.249891
vt 0.266821 0.328390
vt 0.228800 0.302397
vt 0.239838 0.312911
vt 0.225345 0.312911
vt 0.242824 0.292459
vt 0.211310 0.257059
vt 0.224961 0.298903
vt 0.216211 0.305680
vt 0.404337 0.320685
vt 0.380044 0.289228
vt 0.404337 0.289228
vt 0.334455 0.236445
vt 0.310162 0.311440
vt 0.310162 0.236445
vt 0.339070 0.329883
vt 0.363362 0.314184
vt 0.363362 0.329883
vt 0.374062 0.286266
vt 0.339500 0.311440
vt 0.339500 0.236445
vt 0.334408 0.314098
vt 0.310116 0.329797
vt 0.310116 0.314098
vt 0.380044 0.235956
vt 0.404337 0.235956
vt 0.225345 0.338071
vt 0.239838 0.317176
vt 0.239838 0.338071
vt 0.220037 0.250053
vt 0.257617 0.350357
vt 0.246125 0.368755
vt 0.246125 0.341045
vt 0.274401 0.350357
vt 0.285111 0.368755
vt 0.274401 0.368755
vt 0.261440 0.371933
vt 0.269472 0.382643
vt 0.257273 0.382643
vt 0.269472 0.332065
vt 0.261440 0.346257
vt 0.257273 0.332065
vt 0.103794 0.202073
vt 0.093792 0.253237
vt 0.103794 0.253237
vt 0.269472 0.350357
vt 0.261440 0.368755
vt 0.261440 0.350357
vt 0.236382 0.298903
vt 0.223877 0.250053
vt 0.241306 0.250053
vt 0.306208 0.245911
vt 0.281913 0.236551
vt 0.306208 0.236551
vt 0.257617 0.368755
vt 0.285111 0.341045
vt 0.269472 0.371933
vt 0.089651 0.130951
vt 0.006642 0.182115
vt 0.006642 0.130951
vt 0.006642 0.202073
vt 0.089651 0.253237
vt 0.006642 0.253237
vt 0.225345 0.341565
vt 0.244738 0.369457
vt 0.220444 0.369457
vt 0.220444 0.381503
vt 0.244738 0.372144
vt 0.244738 0.381503
vt 0.223877 0.245605
vt 0.244739 0.234954
vt 0.241306 0.245605
vt 0.306208 0.249983
vt 0.281913 0.328482
vt 0.281913 0.249983
vt 0.355199 0.311440
vt 0.126611 0.492736
vt 0.106663 0.428218
vt 0.126611 0.428218
vt 0.075797 0.492736
vt 0.023754 0.428218
vt 0.075796 0.428218
vt 0.101976 0.492736
vt 0.082028 0.428218
vt 0.101976 0.428218
vt 0.185308 0.450205
vt 0.133265 0.430256
vt 0.185308 0.430256
vt 0.185731 0.482241
vt 0.133688 0.462293
vt 0.185731 0.462293
vt 0.227726 0.094760
vt 0.176891 0.049172
vt 0.296867 0.102067
vt 0.269496 0.102075
vt 0.348391 0.102077
vt 0.314709 0.102059
vt 0.146420 0.093568
vt 0.167248 0.091152
vt 0.146420 0.097469
vt 0.153921 0.020230
vt 0.253906 0.044910
vt 0.265080 0.102075
vt 0.263187 0.115642
vt 0.067672 0.021484
vt 0.036265 0.117307
vt 0.036265 0.094466
vt 0.089651 0.257213
vt 0.089651 0.197366
vt 0.276181 0.249891
vt 0.236382 0.302397
vt 0.242824 0.313353
vt 0.380044 0.320685
vt 0.334455 0.311440
vt 0.339070 0.314184
vt 0.355199 0.236445
vt 0.334408 0.329797
vt 0.225345 0.317176
vt 0.269472 0.346257
vt 0.093792 0.202073
vt 0.269472 0.368755
vt 0.228800 0.298903
vt 0.281913 0.245911
vt 0.089651 0.182115
vt 0.089651 0.202073
vt 0.239838 0.341565
vt 0.220444 0.372144
vt 0.220444 0.234954
vt 0.306208 0.328483
vt 0.106663 0.492736
vt 0.023754 0.492736
vt 0.082028 0.492736
vt 0.133265 0.450205
vt 0.133688 0.482241
vt 0.062087 0.666277
vt 0.011724 0.651956
vt 0.015941 0.631642
vt 0.106616 0.575068
vt 0.134002 0.534433
vt 0.123419 0.577041
vt 0.083294 0.601411
vt 0.129199 0.587355
vt 0.123743 0.607674
vt 0.078829 0.622373
vt 0.121852 0.627467
vt 0.004170 0.829408
vt 0.027962 0.752573
vt 0.028322 0.829405
vt 0.143261 0.616402
vt 0.004508 0.749517
vt 0.027954 0.695492
vt 0.027962 0.749514
vt 0.135487 0.575811
vt 0.206045 0.557574
vt 0.203036 0.575811
vt 0.004501 0.692074
vt 0.004497 0.661959
vt 0.016223 0.661957
vt 0.047323 0.608297
vt 0.040634 0.594848
vt 0.069576 0.567835
vt 0.033827 0.570121
vt 0.027316 0.599280
vt 0.016599 0.574355
vt 0.086134 0.575055
vt 0.220923 0.631538
vt 0.174813 0.666219
vt 0.170086 0.627352
vt 0.004174 0.860543
vt 0.028575 0.876560
vt 0.003929 0.876563
vt 0.046965 0.553586
vt 0.047386 0.537715
vt 0.052498 0.553586
vt 0.046965 0.565646
vt 0.052499 0.565646
vt 0.004174 0.857058
vt 0.028322 0.832127
vt 0.028325 0.857055
vt 0.041852 0.537715
vt 0.044393 0.505401
vt 0.076733 0.510798
vt 0.082825 0.506022
vt 0.084473 0.511306
vt 0.213231 0.600190
vt 0.187083 0.581954
vt 0.214736 0.581955
vt 0.137585 0.785092
vt 0.109822 0.748527
vt 0.121048 0.744473
vt 0.137587 0.670791
vt 0.101288 0.631797
vt 0.135577 0.631780
vt 0.245636 0.663431
vt 0.234774 0.670036
vt 0.221571 0.656932
vt 0.104675 0.566227
vt 0.089072 0.548911
vt 0.101461 0.545502
vt 0.089072 0.540411
vt 0.098755 0.528050
vt 0.069090 0.555331
vt 0.066607 0.543798
vt 0.085155 0.549841
vt 0.238500 0.652266
vt 0.188587 0.600189
vt 0.158327 0.593136
vt 0.144533 0.673953
vt 0.212079 0.673952
vt 0.178307 0.719663
vt 0.075085 0.505514
vt 0.049817 0.507583
vt 0.048170 0.502299
vt 0.033885 0.546481
vt 0.019833 0.555448
vt 0.004134 0.522727
vt 0.133149 0.508871
vt 0.088869 0.511118
vt 0.089150 0.505591
vt 0.242440 0.705309
vt 0.217679 0.745216
vt 0.138936 0.745217
vt 0.232114 0.575059
vt 0.204722 0.534428
vt 0.218453 0.524515
vt 0.243491 0.593140
vt 0.114173 0.705311
vt 0.238998 0.748533
vt 0.211231 0.785096
vt 0.227772 0.744478
vt 0.151209 0.761543
vt 0.205237 0.761543
vt 0.194629 0.791985
vt 0.036988 0.614871
vt 0.191551 0.812469
vt 0.186730 0.801974
vt 0.188494 0.501955
vt 0.155433 0.536952
vt 0.132478 0.557574
vt 0.181683 0.515625
vt 0.150226 0.501957
vt 0.162085 0.801973
vt 0.120269 0.524522
vt 0.066774 0.627405
vt 0.155341 0.604617
vt 0.157263 0.812467
vt 0.127668 0.794176
vt 0.073149 0.775091
vt 0.081410 0.808023
vt 0.031612 0.749514
vt 0.233252 0.533922
vt 0.232834 0.549623
vt 0.238309 0.549623
vt 0.232834 0.561554
vt 0.238309 0.561554
vt 0.230291 0.501954
vt 0.227777 0.533922
vt 0.066762 0.687385
vt 0.060736 0.692109
vt 0.068392 0.692612
vt 0.245525 0.684431
vt 0.221460 0.677932
vt 0.234663 0.691035
vt 0.089072 0.573232
vt 0.238389 0.673266
vt 0.034110 0.688928
vt 0.059106 0.686882
vt 0.032480 0.683701
vt 0.010061 0.517730
vt 0.108726 0.675383
vt 0.073149 0.775094
vt 0.081410 0.808025
vt 0.092743 0.785822
vt 0.052036 0.906222
vt 0.038712 0.970823
vt 0.038712 0.887342
vt 0.204879 0.882689
vt 0.225757 0.835953
vt 0.235159 0.882689
vt 0.197341 0.835953
vt 0.185865 0.854279
vt 0.197340 0.854279
vt 0.155417 0.887409
vt 0.182375 0.857830
vt 0.178166 0.881465
vt 0.087620 0.872154
vt 0.113056 0.857166
vt 0.080754 0.849167
vt 0.078068 0.891001
vt 0.110925 0.887060
vt 0.110020 0.900257
vt 0.111785 0.911789
vt 0.208548 0.984416
vt 0.084120 0.903804
vt 0.114812 0.882944
vt 0.116250 0.852501
vt 0.115573 0.879077
vt 0.212219 0.951829
vt 0.021711 0.906222
vt 0.035035 0.970823
vt 0.029590 0.980926
vt 0.074157 0.866953
vt 0.070480 0.883770
vt 0.070480 0.866953
vt 0.035035 0.887342
vt 0.038712 0.866955
vt 0.035035 0.982300
vt 0.038712 0.982300
vt 0.074158 0.902869
vt 0.070481 0.977993
vt 0.070480 0.902869
vt 0.074157 0.883770
vt 0.201549 0.881465
vt 0.185865 0.857829
vt 0.181657 0.881465
vt 0.181657 0.885074
vt 0.206743 0.908007
vt 0.201549 0.885074
vt 0.044156 0.980926
vt 0.078949 0.877796
vt 0.057502 0.803214
vt 0.047449 0.788853
vt 0.069882 0.800798
vt 0.142424 0.844394
vt 0.150084 0.828506
vt 0.150180 0.844394
vt 0.142349 0.858632
vt 0.150180 0.847075
vt 0.150254 0.858632
vt 0.076360 0.824476
vt 0.060511 0.828474
vt 0.058845 0.821742
vt 0.047532 0.831988
vt 0.045359 0.825108
vt 0.043526 0.828352
vt 0.073345 0.838589
vt 0.078158 0.834936
vt 0.078158 0.846008
vt 0.049894 0.836809
vt 0.060885 0.832148
vt 0.060885 0.834536
vt 0.080482 0.752258
vt 0.084657 0.749373
vt 0.088832 0.752258
vt 0.153098 0.844459
vt 0.161344 0.833970
vt 0.163221 0.849917
vt 0.139313 0.815951
vt 0.150084 0.825360
vt 0.142519 0.825360
vt 0.042923 0.804413
vt 0.102711 0.787952
vt 0.133264 0.807237
vt 0.086152 0.807237
vt 0.137278 0.827620
vt 0.082138 0.834461
vt 0.082138 0.827620
vt 0.068993 0.842714
vt 0.047758 0.846009
vt 0.051529 0.840587
vt 0.060885 0.846008
vt 0.060885 0.841826
vt 0.057914 0.818167
vt 0.075460 0.820826
vt 0.044302 0.821094
vt 0.033534 0.835067
vt 0.044462 0.845988
vt 0.033534 0.845988
vt 0.137278 0.834461
vt 0.082138 0.845532
vt 0.146302 0.866797
vt 0.142349 0.861596
vt 0.150254 0.861596
vt 0.090123 0.757513
vt 0.079192 0.757514
vt 0.073344 0.838589
vt 0.078158 0.846008
vt 0.049895 0.836809
vt 0.060885 0.832148
vt 0.047758 0.835085
vt 0.068993 0.842714
vt 0.047758 0.846009
vt 0.051529 0.840587
vt 0.060885 0.846008
vt 0.060885 0.841826
vt 0.037500 0.824389
vt 0.038061 0.808802
vt 0.153005 0.828649
vt 0.057994 0.880721
vt 0.067291 0.894734
vt 0.015753 0.880721
vt 0.006455 0.894734
vt 0.042581 0.824406
vt 0.054149 0.546610
vt 0.049712 0.513233
vt 0.077713 0.515836
vt 0.084062 0.520779
vt 0.060422 0.734260
vt 0.031604 0.695492
vt 0.061381 0.699990
vt 0.060422 0.734263
vt 0.031604 0.695494
vt 0.031612 0.749516
vt 0.101249 0.775016
vt 0.109357 0.783194
vt 0.101249 0.782305
vt 0.091894 0.781067
vt 0.090260 0.777289
vt 0.113708 0.779069
vt 0.155416 0.887409
vt 0.182375 0.857829
vt 0.170568 0.842209
vt 0.019481 0.614534
vt 0.004508 0.752576
vt 0.004501 0.695496
vt 0.027950 0.661955
vt 0.027954 0.692070
vt 0.217366 0.614433
vt 0.225162 0.651847
vt 0.028325 0.860540
vt 0.004170 0.832130
vt 0.038859 0.505401
vt 0.099318 0.670811
vt 0.089072 0.520850
vt 0.161035 0.611417
vt 0.019844 0.567504
vt 0.036923 0.514182
vt 0.215311 0.577034
vt 0.240781 0.611421
vt 0.221148 0.794181
vt 0.178223 0.797995
vt 0.161817 0.791985
vt 0.145739 0.761543
vt 0.178224 0.723203
vt 0.210709 0.761543
vt 0.183090 0.536952
vt 0.157039 0.515627
vt 0.092743 0.785820
vt 0.224816 0.501954
vt 0.214282 0.835953
vt 0.185866 0.835952
vt 0.170568 0.842210
vt 0.035035 0.866955
vt 0.074159 0.977993
vt 0.197340 0.857830
vt 0.176463 0.908007
vt 0.142519 0.828506
vt 0.142424 0.847075
vt 0.077793 0.831164
vt 0.047758 0.835085
vt 0.153290 0.815951
vt 0.116705 0.787952
vt 0.044462 0.835066
vt 0.137278 0.845532
vt 0.084817 0.541059
vt 0.061381 0.699992
vt 0.178167 0.881465
vt 0.521713 0.221557
vt 0.501957 0.302712
vt 0.501954 0.236691
vt 0.674713 0.389939
vt 0.559991 0.383565
vt 0.665843 0.343744
vt 0.886885 0.233887
vt 0.886888 0.305484
vt 0.690504 0.333040
vt 0.711467 0.405245
vt 0.711467 0.487617
vt 0.674930 0.497528
vt 0.743835 0.489742
vt 0.717696 0.405245
vt 0.743835 0.403121
vt 0.963662 0.437959
vt 0.963662 0.454902
vt 0.946293 0.482232
vt 0.904240 0.278156
vt 0.904239 0.261213
vt 0.945580 0.269683
vt 0.942186 0.363875
vt 0.942186 0.346932
vt 0.985019 0.355404
vt 0.525487 0.184956
vt 0.559589 0.184957
vt 0.559588 0.196999
vt 0.591959 0.196163
vt 0.591959 0.184958
vt 0.946740 0.405445
vt 0.752219 0.365034
vt 0.981256 0.394646
vt 0.717696 0.400175
vt 0.686098 0.343486
vt 0.746270 0.359806
vt 0.681159 0.390265
vt 0.634158 0.184959
vt 0.749844 0.397936
vt 0.564591 0.408025
vt 0.521718 0.317845
vt 0.630332 0.349363
vt 0.630325 0.190029
vt 0.690498 0.206348
vt 0.920442 0.227812
vt 0.920445 0.311556
vt 0.564807 0.479442
vt 0.564807 0.413421
vt 0.674930 0.395335
vt 0.717696 0.487617
vt 0.749397 0.489742
vt 0.749397 0.403121
vt 0.946293 0.410630
vt 0.742807 0.392611
vt 0.597154 0.546580
vt 0.502268 0.505805
vt 0.603241 0.505805
vt 0.508356 0.595020
vt 0.597154 0.551963
vt 0.597154 0.595020
vt 0.502268 0.600148
vt 0.597154 0.640923
vt 0.508356 0.640923
vt 0.864507 0.782265
vt 0.843337 0.749128
vt 0.869192 0.749128
vt 0.804067 0.782416
vt 0.782897 0.749279
vt 0.808751 0.749279
vt 0.808663 0.717954
vt 0.782809 0.743808
vt 0.782809 0.717954
vt 0.803870 0.803293
vt 0.787384 0.786807
vt 0.803870 0.786807
vt 0.599001 0.742792
vt 0.545189 0.748358
vt 0.545189 0.742792
vt 0.767516 0.645626
vt 0.757123 0.664541
vt 0.727449 0.595417
vt 0.766225 0.671417
vt 0.762669 0.682989
vt 0.735538 0.703184
vt 0.772375 0.791027
vt 0.778791 0.779020
vt 0.778792 0.791027
vt 0.822720 0.672417
vt 0.829138 0.745471
vt 0.822721 0.745472
vt 0.772373 0.745473
vt 0.778789 0.672418
vt 0.778791 0.745473
vt 0.772369 0.514146
vt 0.778484 0.569528
vt 0.772370 0.569528
vt 0.604445 0.753138
vt 0.609339 0.750484
vt 0.637153 0.823251
vt 0.877689 0.722556
vt 0.928556 0.805172
vt 0.877689 0.805172
vt 0.928358 0.501966
vt 0.981624 0.557709
vt 0.985122 0.502378
vt 0.880763 0.667969
vt 0.925483 0.667969
vt 0.877689 0.718513
vt 0.867713 0.935478
vt 0.823069 0.929514
vt 0.867713 0.878608
vt 0.893233 0.589383
vt 0.918174 0.575263
vt 0.912642 0.589383
vt 0.997290 0.926884
vt 0.997290 0.870012
vt 0.943159 0.858019
vt 0.772203 0.929514
vt 0.727559 0.935478
vt 0.727559 0.878608
vt 0.924861 0.557297
vt 0.985122 0.608850
vt 0.929145 0.619933
vt 0.812873 0.863955
vt 0.893233 0.632280
vt 0.912642 0.593956
vt 0.912643 0.632280
vt 0.893418 0.637110
vt 0.829108 0.551035
vt 0.783839 0.627642
vt 0.783839 0.551035
vt 0.834082 0.552060
vt 0.844862 0.628049
vt 0.834082 0.628049
vt 0.772374 0.779020
vt 0.844862 0.552060
vt 0.874149 0.513171
vt 0.827085 0.501954
vt 0.785862 0.501954
vt 0.616982 0.703182
vt 0.661885 0.683438
vt 0.661884 0.703183
vt 0.887820 0.593905
vt 0.855918 0.622494
vt 0.873876 0.587944
vt 0.918227 0.926884
vt 0.914671 0.920920
vt 0.502268 0.699280
vt 0.603241 0.646213
vt 0.603241 0.699280
vt 0.652059 0.771649
vt 0.704560 0.766262
vt 0.697180 0.771873
vt 0.651674 0.861119
vt 0.696678 0.861343
vt 0.806584 0.859439
vt 0.745077 0.809750
vt 0.741705 0.859439
vt 0.709053 0.901673
vt 0.625051 0.906650
vt 0.639651 0.901674
vt 0.611298 0.703103
vt 0.597971 0.738021
vt 0.597971 0.704987
vt 0.631516 0.852963
vt 0.647627 0.825311
vt 0.641494 0.823251
vt 0.625994 0.723982
vt 0.545189 0.753137
vt 0.599001 0.753138
vt 0.551658 0.827874
vt 0.506933 0.890970
vt 0.535601 0.859164
vt 0.540583 0.890970
vt 0.502013 0.930831
vt 0.511915 0.854736
vt 0.535601 0.821956
vt 0.535601 0.854736
vt 0.502013 0.987482
vt 0.545503 0.936212
vt 0.545503 0.987482
vt 0.829137 0.666303
vt 0.778485 0.644897
vt 0.823023 0.644897
vt 0.829108 0.627642
vt 0.783839 0.638509
vt 0.772372 0.644897
vt 0.736484 0.819745
vt 0.736484 0.804320
vt 0.731039 0.804320
vt 0.723653 0.906649
vt 0.625051 0.964785
vt 0.927719 0.858474
vt 0.820645 0.809402
vt 0.919247 0.809397
vt 0.551609 0.704987
vt 0.592481 0.738021
vt 0.551609 0.738021
vt 0.592530 0.845420
vt 0.598999 0.870952
vt 0.592530 0.870952
vt 0.813567 0.749279
vt 0.834737 0.782416
vt 0.839421 0.749279
vt 0.818251 0.782416
vt 0.657557 0.542877
vt 0.609496 0.501955
vt 0.662562 0.501955
vt 0.725614 0.859907
vt 0.710165 0.806211
vt 0.733932 0.769346
vt 0.551211 0.931061
vt 0.592197 0.891199
vt 0.551211 0.891199
vt 0.602481 0.931061
vt 0.551211 0.886279
vt 0.592197 0.886279
vt 0.583991 0.854085
vt 0.551211 0.854085
vt 0.705148 0.771478
vt 0.663420 0.592835
vt 0.669584 0.528165
vt 0.714487 0.528165
vt 0.646617 0.632773
vt 0.677304 0.664541
vt 0.933065 0.740700
vt 0.977934 0.817076
vt 0.933063 0.817075
vt 0.977936 0.738016
vt 0.928423 0.663849
vt 0.984056 0.644377
vt 0.976141 0.676562
vt 0.933194 0.723292
vt 0.977838 0.730235
vt 0.977838 0.723292
vt 0.933194 0.735478
vt 0.508356 0.546580
vt 0.508356 0.551963
vt 0.603241 0.600148
vt 0.848022 0.782265
vt 0.787581 0.782416
vt 0.808663 0.743808
vt 0.787384 0.803293
vt 0.599001 0.748359
vt 0.650173 0.644345
vt 0.727449 0.530747
vt 0.767516 0.569637
vt 0.772372 0.666304
vt 0.778483 0.514146
vt 0.627175 0.852963
vt 0.604444 0.841335
vt 0.928556 0.722556
vt 0.973200 0.680682
vt 0.928556 0.718513
vt 0.973200 0.718513
vt 0.833045 0.718513
vt 0.833045 0.680682
vt 0.823069 0.939981
vt 0.887701 0.575263
vt 0.894138 0.873007
vt 0.881098 0.903479
vt 0.772203 0.939981
vt 0.782400 0.863955
vt 0.893233 0.593956
vt 0.912828 0.637110
vt 0.616982 0.683438
vt 0.887820 0.632229
vt 0.502268 0.646213
vt 0.644723 0.768516
vt 0.644735 0.765965
vt 0.704547 0.768813
vt 0.803212 0.809750
vt 0.644439 0.867030
vt 0.704265 0.867029
vt 0.637649 0.855022
vt 0.598999 0.841335
vt 0.592530 0.827875
vt 0.592530 0.841335
vt 0.551657 0.841334
vt 0.545189 0.841334
vt 0.511915 0.859164
vt 0.545503 0.890970
vt 0.545503 0.930831
vt 0.502013 0.890970
vt 0.511915 0.821956
vt 0.502013 0.936212
vt 0.829136 0.644896
vt 0.829108 0.638509
vt 0.723654 0.964785
vt 0.812178 0.858481
vt 0.592481 0.704987
vt 0.598999 0.845420
vt 0.614500 0.542877
vt 0.734900 0.859446
vt 0.725964 0.810451
vt 0.736483 0.769346
vt 0.720651 0.528165
vt 0.720651 0.592835
vt 0.663420 0.528165
vt 0.930397 0.624961
vt 0.501953 0.024443
vt 0.531959 0.126876
vt 0.666905 0.126648
vt 0.604259 0.014956
vt 0.635199 0.023825
vt 0.604259 0.023825
vt 0.802329 0.023825
vt 0.756473 0.014956
vt 0.802329 0.014957
vt 0.674785 0.023825
vt 0.756473 0.023825
vt 0.674785 0.014956
vt 0.531960 0.126876
vt 0.501952 0.024443
vt 0.666906 0.126646
vt 0.675120 0.164603
vt 0.648864 0.236801
vt 0.675120 0.230110
vt 0.769172 0.156580
vt 0.677738 0.161986
vt 0.669852 0.131693
vt 0.783257 0.236801
vt 0.757002 0.183874
vt 0.783257 0.172449
vt 0.666533 0.257578
vt 0.754646 0.232908
vt 0.765852 0.257578
vt 0.754646 0.183874
vt 0.677738 0.230110
vt 0.677738 0.164603
vt 0.551118 0.001952
vt 0.711979 0.010823
vt 0.551117 0.010823
vt 0.825905 0.103692
vt 0.880875 0.158580
vt 0.825984 0.150388
vt 0.827719 0.001952
vt 0.827719 0.010823
vt 0.767485 0.010823
vt 0.862861 0.010824
vt 0.973580 0.001952
vt 0.973580 0.010824
vt 0.711979 0.001952
vt 0.933953 0.130130
vt 0.961591 0.114920
vt 0.825979 0.081743
vt 0.825979 0.081739
vt 0.502026 0.002490
vt 0.995083 0.006388
vt 0.933953 0.130124
vt 0.825905 0.103696
vt 0.880874 0.158585
vt 0.635199 0.014956
vt 0.677738 0.232908
vt 0.754646 0.230110
vt 0.858956 0.006388
vt 0.825983 0.150392
vt 0.648864 0.147561
vt 0.757002 0.230110
vt 0.900255 0.423122
vt 0.975223 0.325048
vt 0.975223 0.423122
vt 0.916670 0.305894
vt 0.958808 0.305894
vt 0.977282 0.124954
vt 0.954969 0.163189
vt 0.953198 0.124954
vt 0.949781 0.139951
vt 0.814479 0.152954
vt 0.789904 0.227558
vt 0.793939 0.152954
vt 0.773565 0.354084
vt 0.804012 0.272358
vt 0.804012 0.344195
vt 0.834458 0.354084
vt 0.804011 0.412177
vt 0.819858 0.230627
vt 0.788167 0.230627
vt 0.975223 0.473920
vt 0.766609 0.394574
vt 0.783007 0.375295
vt 0.804119 0.428578
vt 0.896346 0.392276
vt 0.854795 0.367051
vt 0.896346 0.367051
vt 0.868264 0.239507
vt 0.876299 0.165227
vt 0.896346 0.197829
vt 0.896346 0.492790
vt 0.852720 0.394721
vt 0.896346 0.394721
vt 0.852720 0.392275
vt 0.845554 0.492790
vt 0.528621 0.432154
vt 0.506826 0.393981
vt 0.537682 0.425287
vt 0.721795 0.406525
vt 0.733164 0.324953
vt 0.733164 0.406525
vt 0.531338 0.384360
vt 0.521492 0.367307
vt 0.541184 0.367307
vt 0.544679 0.416325
vt 0.549144 0.405869
vt 0.518100 0.436467
vt 0.744533 0.406525
vt 0.506826 0.437937
vt 0.710426 0.324953
vt 0.710426 0.406525
vt 0.744533 0.324953
vt 0.755901 0.406525
vt 0.550778 0.394617
vt 0.721795 0.324953
vt 0.716877 0.411243
vt 0.728881 0.415039
vt 0.704356 0.471725
vt 0.670449 0.352961
vt 0.682973 0.354244
vt 0.670450 0.414724
vt 0.630469 0.454015
vt 0.617880 0.352952
vt 0.630469 0.352952
vt 0.739866 0.421189
vt 0.657925 0.354245
vt 0.617880 0.454015
vt 0.605292 0.352952
vt 0.691829 0.411244
vt 0.704353 0.409961
vt 0.645922 0.358041
vt 0.592703 0.454015
vt 0.592703 0.352952
vt 0.679826 0.415041
vt 0.634938 0.364191
vt 0.580114 0.352952
vt 0.668841 0.421193
vt 0.694976 0.358039
vt 0.705960 0.364190
vt 0.580114 0.454015
vt 0.567524 0.352952
vt 0.567524 0.454015
vt 0.554936 0.352952
vt 0.605292 0.454015
vt 0.734750 0.320244
vt 0.709014 0.290425
vt 0.734750 0.290425
vt 0.537699 0.320244
vt 0.706518 0.290425
vt 0.537699 0.290425
vt 0.535442 0.320244
vt 0.509706 0.290425
vt 0.535442 0.290425
vt 0.706518 0.320244
vt 0.706518 0.287689
vt 0.537699 0.261954
vt 0.706518 0.261954
vt 0.533792 0.140952
vt 0.501951 0.170773
vt 0.501951 0.140952
vt 0.536637 0.205257
vt 0.566458 0.235079
vt 0.566458 0.205257
vt 0.533792 0.237925
vt 0.501951 0.267746
vt 0.501951 0.237925
vt 0.533792 0.235079
vt 0.501951 0.205257
vt 0.533792 0.205257
vt 0.533792 0.202999
vt 0.501951 0.173178
vt 0.533792 0.173178
vt 0.706518 0.322978
vt 0.537699 0.348713
vt 0.537699 0.322978
vt 0.537699 0.287689
vt 0.706518 0.348713
vt 0.502140 0.135149
vt 0.550328 0.161947
vt 0.631824 0.156188
vt 0.502142 0.135149
vt 0.631826 0.156186
vt 0.550329 0.161946
vt 0.754646 0.181257
vt 0.767485 0.001952
vt 0.862861 0.001952
vt 0.502028 0.002490
vt 0.961591 0.114914
vt 0.900255 0.325048
vt 0.975511 0.163189
vt 0.925697 0.139951
vt 0.818514 0.227558
vt 0.900256 0.473920
vt 0.825232 0.375295
vt 0.841630 0.394574
vt 0.841601 0.492903
vt 0.766638 0.492903
vt 0.896346 0.364006
vt 0.854795 0.364006
vt 0.551030 0.384360
vt 0.541184 0.390045
vt 0.521492 0.390046
vt 0.511646 0.384360
vt 0.511646 0.372991
vt 0.521492 0.355937
vt 0.531338 0.350253
vt 0.541184 0.355937
vt 0.551030 0.372991
vt 0.755901 0.324953
vt 0.554936 0.454015
vt 0.709014 0.320244
vt 0.509706 0.320244
vt 0.533792 0.170773
vt 0.536637 0.235079
vt 0.533792 0.267746
vt 0.501951 0.235079
vt 0.501951 0.202999
vt 0.043956 0.316612
vt 0.165299 0.251878
vt 0.165299 0.316612
vt 0.198736 0.124385
vt 0.053500 0.090425
vt 0.198736 0.090425
vt 0.036162 0.163404
vt 0.198736 0.163404
vt 0.165299 0.249349
vt 0.198736 0.087896
vt 0.053500 0.087896
vt 0.165299 0.001951
vt 0.267378 0.001955
vt 0.202643 0.055729
vt 0.202643 0.001955
vt 0.387737 0.160388
vt 0.351181 0.002303
vt 0.412943 0.065280
vt 0.412943 0.065280
vt 0.010727 0.102934
vt 0.014820 0.169751
vt 0.009086 0.171614
vt 0.009086 0.004538
vt 0.016461 0.101071
vt 0.052762 0.126914
vt 0.198736 0.160876
vt 0.198736 0.126914
vt 0.267378 0.058947
vt 0.235011 0.113057
vt 0.202643 0.058947
vt 0.277550 0.001993
vt 0.338313 0.050162
vt 0.271296 0.050198
vt 0.422840 0.003928
vt 0.416987 0.218676
vt 0.416987 0.002489
vt 0.280075 0.108077
vt 0.271296 0.053417
vt 0.338313 0.053381
vt 0.026617 0.251878
vt 0.198736 0.207234
vt 0.198736 0.044066
vt 0.422839 0.220115
vt 0.315643 0.120879
vt 0.018756 0.320950
vt 0.038454 0.401498
vt 0.097384 0.401499
vt 0.498032 0.018954
vt 0.463978 0.154464
vt 0.463977 0.018954
vt 0.427999 0.312392
vt 0.452078 0.261284
vt 0.452076 0.308448
vt 0.426751 0.034011
vt 0.426751 0.154464
vt 0.309789 0.215161
vt 0.347016 0.213006
vt 0.347016 0.232704
vt 0.492807 0.278882
vt 0.455582 0.308502
vt 0.455581 0.261339
vt 0.485964 0.224953
vt 0.455622 0.258209
vt 0.444812 0.224953
vt 0.492851 0.311578
vt 0.455626 0.335976
vt 0.455625 0.311579
vt 0.236620 0.215161
vt 0.199393 0.213006
vt 0.236620 0.197950
vt 0.239551 0.474497
vt 0.199395 0.428008
vt 0.239551 0.393953
vt 0.122174 0.474497
vt 0.195341 0.428008
vt 0.195341 0.474497
vt 0.350924 0.416745
vt 0.424095 0.416745
vt 0.461323 0.463236
vt 0.463978 0.220239
vt 0.424095 0.224952
vt 0.350924 0.224952
vt 0.309789 0.291633
vt 0.199393 0.389735
vt 0.236620 0.291633
vt 0.036162 0.160876
vt 0.498032 0.210737
vt 0.428002 0.235922
vt 0.199395 0.474497
vt 0.063817 0.425576
vt 0.052762 0.124385
vt 0.026617 0.249349
vt 0.002342 0.207234
vt 0.019681 0.044066
vt 0.043956 0.001951
vt 0.267378 0.055729
vt 0.351181 0.218538
vt 0.351181 0.218538
vt 0.014820 0.002675
vt 0.267378 0.102776
vt 0.202643 0.102776
vt 0.344567 0.001956
vt 0.347092 0.108041
vt 0.195489 0.401499
vt 0.195489 0.355007
vt 0.139214 0.320951
vt 0.018756 0.401498
vt 0.093438 0.425576
vt 0.309789 0.197950
vt 0.492808 0.308501
vt 0.496775 0.258209
vt 0.492851 0.335975
vt 0.199393 0.232704
vt 0.199395 0.393953
vt 0.122174 0.428008
vt 0.461323 0.416745
vt 0.313696 0.463236
vt 0.313696 0.416745
vt 0.426751 0.220239
vt 0.347016 0.291633
vt 0.347016 0.389735
vt 0.199393 0.291633
vt 0.129647 0.828284
vt 0.027620 0.848930
vt 0.027620 0.828284
vt 0.129647 0.793585
vt 0.027620 0.825609
vt 0.027620 0.793585
vt 0.129647 0.825609
vt 0.024555 0.793585
vt 0.003908 0.825609
vt 0.003908 0.793585
vt 0.153306 0.825609
vt 0.132660 0.793585
vt 0.153306 0.793585
vt 0.129647 0.769956
vt 0.027620 0.790602
vt 0.027620 0.769956
vt 0.024555 0.825609
vt 0.132660 0.825609
vt 0.129647 0.790602
vt 0.185370 0.885173
vt 0.084531 0.865955
vt 0.185370 0.865957
vt 0.562834 0.885178
vt 0.236410 0.865958
vt 0.562834 0.865963
vt 0.081148 0.865955
vt 0.050423 0.885171
vt 0.050423 0.865955
vt 0.233962 0.965840
vt 0.044115 0.985045
vt 0.044117 0.965828
vt 0.233389 0.885173
vt 0.188392 0.865957
vt 0.233389 0.865958
vt 0.224608 0.909770
vt 0.185034 0.888353
vt 0.234025 0.962700
vt 0.582776 0.944937
vt 0.601992 0.899772
vt 0.601992 0.944937
vt 0.003911 0.922154
vt 0.023125 0.966422
vt 0.003908 0.966420
vt 0.047402 0.865955
vt 0.007048 0.885171
vt 0.007049 0.865953
vt 0.590887 0.965861
vt 0.273240 0.985057
vt 0.273242 0.965842
vt 0.236983 0.965840
vt 0.270219 0.985057
vt 0.236982 0.985056
vt 0.309939 0.796955
vt 0.227092 0.801137
vt 0.227092 0.796963
vt 0.199998 0.796965
vt 0.161114 0.801142
vt 0.161114 0.796967
vt 0.211462 0.841315
vt 0.227092 0.804158
vt 0.287776 0.860561
vt 0.227092 0.804644
vt 0.211456 0.841798
vt 0.287766 0.861058
vt 0.516102 0.714761
vt 0.555678 0.693344
vt 0.506685 0.767691
vt 0.690376 0.690178
vt 0.659647 0.670963
vt 0.690374 0.670959
vt 0.506678 0.789951
vt 0.696520 0.770737
vt 0.696520 0.789952
vt 0.138832 0.749715
vt 0.158050 0.714757
vt 0.158049 0.749716
vt 0.506683 0.767690
vt 0.696530 0.767692
vt 0.675077 0.717829
vt 0.504731 0.670981
vt 0.149675 0.690241
vt 0.149673 0.671023
vt 0.656625 0.670963
vt 0.555778 0.690193
vt 0.555776 0.670976
vt 0.552755 0.670976
vt 0.507754 0.690199
vt 0.507752 0.670981
vt 0.699541 0.770737
vt 0.743807 0.789952
vt 0.699541 0.789952
vt 0.733754 0.690172
vt 0.693395 0.670959
vt 0.733753 0.670954
vt 0.467400 0.770735
vt 0.149764 0.789949
vt 0.149764 0.770734
vt 0.503657 0.770735
vt 0.470421 0.789951
vt 0.470421 0.770735
vt 0.035222 0.651955
vt 0.118067 0.656137
vt 0.035222 0.656129
vt 0.184043 0.656142
vt 0.145161 0.651965
vt 0.184043 0.651967
vt 0.118067 0.659158
vt 0.133697 0.696313
vt 0.057386 0.715559
vt 0.118069 0.659159
vt 0.133704 0.696311
vt 0.145161 0.659156
vt 0.145161 0.656139
vt 0.989116 0.660156
vt 0.898154 0.660162
vt 0.988063 0.646363
vt 0.751623 0.758456
vt 0.975106 0.744622
vt 0.975106 0.758456
vt 0.984930 0.632888
vt 0.751623 0.744622
vt 0.975106 0.730787
vt 0.979790 0.620044
vt 0.751623 0.730787
vt 0.975106 0.716953
vt 0.972762 0.608128
vt 0.751623 0.827627
vt 0.975106 0.813793
vt 0.975106 0.827627
vt 0.972770 0.712185
vt 0.979796 0.700269
vt 0.751623 0.813793
vt 0.975106 0.799958
vt 0.984933 0.687425
vt 0.751623 0.799958
vt 0.975106 0.786124
vt 0.988065 0.673950
vt 0.751623 0.772290
vt 0.975106 0.772290
vt 0.743814 0.812367
vt 0.710048 0.793952
vt 0.743814 0.793952
vt 0.607617 0.793952
vt 0.641383 0.812367
vt 0.607617 0.812367
vt 0.730916 0.839250
vt 0.644495 0.815478
vt 0.706936 0.815478
vt 0.644495 0.812367
vt 0.706936 0.793952
vt 0.706936 0.812367
vt 0.759046 0.712460
vt 0.821694 0.694046
vt 0.821694 0.712460
vt 0.758889 0.685724
vt 0.845304 0.661956
vt 0.821326 0.690846
vt 0.722172 0.712460
vt 0.755935 0.694046
vt 0.755935 0.712460
vt 0.824805 0.694046
vt 0.862349 0.712460
vt 0.824805 0.712460
vt 0.598421 0.863677
vt 0.589051 0.873855
vt 0.559791 0.837520
vt 0.606443 0.837517
vt 0.604393 0.851198
vt 0.604392 0.823837
vt 0.589049 0.801181
vt 0.598419 0.811359
vt 0.577110 0.880837
vt 0.577106 0.794199
vt 0.620515 0.839250
vt 0.869259 0.559983
vt 0.853088 0.590230
vt 0.853086 0.559983
vt 0.143237 0.569749
vt 0.111967 0.589094
vt 0.107693 0.569746
vt 0.697122 0.578460
vt 0.697122 0.626988
vt 0.647115 0.592461
vt 0.637831 0.565814
vt 0.591974 0.549630
vt 0.637834 0.549641
vt 0.113463 0.565692
vt 0.095892 0.549513
vt 0.113473 0.549516
vt 0.682319 0.517335
vt 0.645516 0.533511
vt 0.645512 0.517337
vt 0.822804 0.641376
vt 0.866177 0.657553
vt 0.822802 0.657552
vt 0.790436 0.517326
vt 0.685756 0.533509
vt 0.685756 0.517335
vt 0.056432 0.647099
vt 0.018147 0.639015
vt 0.056432 0.630925
vt 0.664810 0.641371
vt 0.713335 0.657547
vt 0.664810 0.657545
vt 0.588537 0.549630
vt 0.117028 0.565692
vt 0.117038 0.549516
vt 0.146218 0.570628
vt 0.154307 0.570628
vt 0.154307 0.588206
vt 0.175617 0.574885
vt 0.158038 0.592461
vt 0.158038 0.574885
vt 0.043729 0.626350
vt 0.103249 0.570242
vt 0.109100 0.589175
vt 0.869266 0.637037
vt 0.853088 0.593667
vt 0.869262 0.593667
vt 0.836317 0.533497
vt 0.793873 0.517326
vt 0.836315 0.517323
vt 0.092451 0.565686
vt 0.074875 0.565682
vt 0.074878 0.557595
vt 0.574578 0.589375
vt 0.615073 0.573201
vt 0.615073 0.589375
vt 0.175617 0.592461
vt 0.647115 0.626988
vt 0.716772 0.641373
vt 0.819365 0.657552
vt 0.716772 0.657547
vt 0.618510 0.589375
vt 0.643513 0.573201
vt 0.643516 0.589375
vt 0.849401 0.621833
vt 0.819153 0.621833
vt 0.819153 0.578460
vt 0.641317 0.651053
vt 0.660751 0.667229
vt 0.641317 0.667229
vt 0.643587 0.630876
vt 0.643591 0.647050
vt 0.623842 0.651053
vt 0.573835 0.667229
vt 0.573835 0.651053
vt 0.559801 0.651053
vt 0.570399 0.667229
vt 0.559801 0.667229
vt 0.637880 0.667229
vt 0.627279 0.651053
vt 0.637880 0.651053
vt 0.638323 0.501953
vt 0.524325 0.512785
vt 0.524325 0.501953
vt 0.638323 0.515362
vt 0.524325 0.532686
vt 0.524325 0.515362
vt 0.638323 0.535264
vt 0.524325 0.546096
vt 0.524325 0.535264
vt 0.898322 0.608169
vt 0.876655 0.616127
vt 0.878157 0.608169
vt 0.887147 0.579652
vt 0.876655 0.600211
vt 0.872354 0.593351
vt 0.887149 0.636685
vt 0.872354 0.622988
vt 0.903572 0.592821
vt 0.962765 0.608276
vt 0.901587 0.608279
vt 0.903575 0.623736
vt 0.909402 0.638191
vt 0.909398 0.578367
vt 0.697122 0.637587
vt 0.059963 0.626988
vt 0.715553 0.546601
vt 0.716560 0.578460
vt 0.143236 0.589098
vt 0.004598 0.626346
vt 0.664271 0.898181
vt 0.644537 0.882157
vt 0.664271 0.866134
vt 0.637633 0.857261
vt 0.641516 0.882157
vt 0.617899 0.873284
vt 0.724863 0.843952
vt 0.664271 0.863113
vt 0.647859 0.843952
vt 0.740983 0.831955
vt 0.769289 0.861506
vt 0.740983 0.861506
vt 0.889892 0.935031
vt 0.773210 0.905480
vt 0.889892 0.905480
vt 0.741001 0.866134
vt 0.720449 0.898182
vt 0.720449 0.866134
vt 0.770189 0.935031
vt 0.737976 0.905480
vt 0.770189 0.905480
vt 0.875028 0.831955
vt 0.905325 0.861506
vt 0.875028 0.861506
vt 0.892913 0.905480
vt 0.909413 0.935031
vt 0.892913 0.935031
vt 0.772310 0.831955
vt 0.872007 0.861506
vt 0.772310 0.861506
vt 0.657964 0.977878
vt 0.830712 0.938956
vt 0.848532 0.952763
vt 0.968964 0.976793
vt 0.991183 0.980592
vt 0.968964 0.984394
vt 0.748771 0.969976
vt 0.748772 0.991237
vt 0.688247 0.980609
vt 0.773137 0.902344
vt 0.872007 0.864527
vt 0.889253 0.890864
vt 0.917226 0.925024
vt 0.933806 0.947264
vt 0.917226 0.947263
vt 0.936827 0.922004
vt 0.959067 0.857215
vt 0.959067 0.922004
vt 0.933807 0.854194
vt 0.917227 0.831954
vt 0.933807 0.831955
vt 0.962088 0.922004
vt 0.978669 0.857215
vt 0.978668 0.922004
vt 0.917226 0.922003
vt 0.933807 0.857215
vt 0.933806 0.922004
vt 0.772310 0.864527
vt 0.044178 0.962698
vt 0.065633 0.912836
vt 0.129647 0.848930
vt 0.084531 0.885171
vt 0.236410 0.885173
vt 0.081148 0.885171
vt 0.233961 0.985056
vt 0.188391 0.885173
vt 0.026374 0.922170
vt 0.261985 0.944729
vt 0.579629 0.944730
vt 0.551032 0.909772
vt 0.084195 0.888353
vt 0.582776 0.899772
vt 0.023128 0.922155
vt 0.047402 0.885171
vt 0.590885 0.985076
vt 0.270221 0.965842
vt 0.309939 0.801130
vt 0.199998 0.801139
vt 0.199998 0.804161
vt 0.199998 0.804642
vt 0.714342 0.727164
vt 0.696536 0.767693
vt 0.675083 0.717829
vt 0.478724 0.749720
vt 0.161070 0.749716
vt 0.161071 0.714757
vt 0.656519 0.693345
vt 0.659649 0.690181
vt 0.506678 0.770735
vt 0.138833 0.714756
vt 0.656514 0.693346
vt 0.555675 0.693345
vt 0.516100 0.714762
vt 0.161077 0.714757
vt 0.478723 0.749720
vt 0.161077 0.749716
vt 0.714336 0.727163
vt 0.504733 0.690199
vt 0.656627 0.690181
vt 0.552757 0.690193
vt 0.743807 0.770737
vt 0.693397 0.690178
vt 0.467400 0.789951
vt 0.503657 0.789951
vt 0.118069 0.651962
vt 0.145161 0.659160
vt 0.057395 0.715571
vt 0.751623 0.716953
vt 0.751623 0.786124
vt 0.710048 0.812367
vt 0.641383 0.793952
vt 0.644495 0.793952
vt 0.759046 0.694046
vt 0.734912 0.661953
vt 0.722172 0.694046
vt 0.862349 0.694046
vt 0.869262 0.590230
vt 0.647118 0.637587
vt 0.647115 0.546601
vt 0.672119 0.546601
vt 0.591969 0.565805
vt 0.095887 0.565686
vt 0.682319 0.533509
vt 0.866174 0.641379
vt 0.790436 0.533500
vt 0.713335 0.641373
vt 0.588532 0.565805
vt 0.853091 0.637039
vt 0.793873 0.533500
vt 0.074881 0.549508
vt 0.092455 0.549513
vt 0.574578 0.573201
vt 0.126768 0.592461
vt 0.819367 0.641376
vt 0.618510 0.573201
vt 0.716560 0.626988
vt 0.820232 0.546601
vt 0.849401 0.578463
vt 0.660751 0.651053
vt 0.623842 0.667229
vt 0.570399 0.651053
vt 0.627279 0.667229
vt 0.638323 0.512785
vt 0.638323 0.532686
vt 0.638323 0.546096
vt 0.895429 0.623482
vt 0.895428 0.592855
vt 0.849402 0.578463
vt 0.717427 0.866134
vt 0.717427 0.898182
vt 0.661250 0.866134
vt 0.717427 0.863113
vt 0.769289 0.831955
vt 0.773210 0.935031
vt 0.741000 0.898182
vt 0.737976 0.935031
vt 0.905325 0.831955
vt 0.909413 0.905480
vt 0.872007 0.831955
vt 0.610413 0.938954
vt 0.749167 0.880824
vt 0.899267 0.877749
vt 0.933806 0.925025
vt 0.936828 0.857215
vt 0.917227 0.854194
vt 0.962088 0.857215
vt 0.917227 0.857215
s 1
usemtl 00-ROUGE
f 10/4/7 11/5/7 9/6/7
f 46/7/8 15/8/8 45/9/8
f 16/10/9 13/11/9 15/12/9
f 48/13/10 9/14/10 47/15/10
f 37/16/11 29/17/11 33/18/11
f 47/19/11 9/20/11 45/21/11
f 41/22/12 56/23/12 42/24/12
f 21/25/13 42/26/13 22/27/13
f 52/28/14 23/29/14 25/30/14
f 23/31/15 49/32/15 27/33/15
f 26/34/16 23/35/16 24/36/16
f 28/37/17 24/38/17 27/39/17
f 38/40/10 32/41/10 39/42/10
f 35/43/9 32/44/9 31/45/9
f 34/46/7 29/47/7 30/48/7
f 40/16/17 39/49/17 36/50/17
f 36/51/18 33/52/18 34/53/18
f 29/54/10 40/55/10 30/56/10
f 37/57/19 39/42/19 40/55/19
f 42/58/17 56/59/17 55/60/17
f 18/61/16 19/62/16 17/63/16
f 44/64/13 55/65/13 56/23/13
f 43/66/20 53/67/20 55/65/20
f 14/68/21 47/69/21 13/70/21
f 12/71/18 45/9/18 11/72/18
f 51/73/22 27/74/22 49/75/22
f 51/76/13 52/77/13 25/78/13
f 51/79/23 50/80/23 52/81/23
f 41/58/11 19/82/11 44/59/11
f 58/83/24 67/84/24 65/85/24
f 71/86/25 61/87/25 68/88/25
f 62/89/26 57/90/26 94/91/26
f 87/92/27 80/93/27 86/94/27
f 74/95/28 59/96/28 66/97/28
f 68/88/29 57/98/29 64/99/29
f 58/100/30 65/101/30 70/102/30
f 66/97/31 63/103/31 71/86/31
f 62/104/32 64/105/33 57/106/33
f 60/107/34 76/108/34 67/84/34
f 70/109/35 67/110/35 76/111/35
f 75/112/35 81/113/35 76/114/35
f 85/115/30 82/116/30 83/117/30
f 74/118/36 113/119/36 127/120/36
f 74/121/35 66/122/35 71/123/35
f 79/124/26 78/125/26 73/126/26
f 99/127/27 76/108/27 97/128/27
f 85/115/30 69/129/30 70/102/30
f 89/130/37 99/131/37 97/132/38
f 72/133/39 92/134/39 73/126/39
f 78/125/40 94/135/40 77/136/40
f 78/125/41 96/137/41 95/138/41
f 72/133/42 94/135/42 93/139/42
f 89/130/43 98/140/43 99/131/43
f 73/126/44 92/134/45 91/141/46
f 115/142/47 81/143/47 87/144/47
f 85/145/24 76/146/24 115/147/24
f 98/148/47 127/120/47 80/149/47
f 109/150/48 74/151/48 69/152/48
f 100/110/26 85/109/26 115/111/26
f 114/112/26 87/113/26 86/153/26
f 109/154/26 106/155/26 110/123/26
f 100/84/24 82/83/24 84/85/24
f 104/87/25 110/86/25 108/88/25
f 123/91/35 122/156/35 101/90/35
f 107/97/28 88/157/28 113/95/28
f 101/98/29 108/88/29 106/99/29
f 105/103/31 107/97/31 110/86/31
f 106/105/32 83/104/32 101/106/33
f 115/108/34 103/107/34 100/84/34
f 120/158/35 112/159/35 118/160/35
f 115/108/27 128/127/27 126/128/27
f 126/161/49 128/162/50 119/163/49
f 121/164/51 111/165/51 112/159/51
f 123/166/52 117/167/52 116/168/52
f 117/167/53 125/169/53 118/160/53
f 111/165/54 123/166/54 116/168/54
f 119/163/55 127/170/55 120/158/55
f 88/171/56 121/164/57 112/159/58
f 20/172/15 18/173/15 17/174/15
f 48/175/17 14/176/59 46/177/17
f 21/178/60 54/179/60 20/180/60
f 131/5/61 130/4/61 129/6/61
f 135/8/62 166/7/62 165/9/62
f 133/11/63 136/10/63 135/12/63
f 129/14/64 168/13/64 167/15/64
f 157/16/65 158/49/65 155/50/65
f 133/181/65 135/182/65 165/21/65
f 176/23/66 161/22/66 162/24/66
f 162/26/67 141/25/67 142/27/67
f 143/29/68 172/28/68 145/30/68
f 169/32/69 170/183/69 143/31/69
f 143/35/70 146/34/70 144/36/70
f 144/38/71 148/37/71 147/39/71
f 152/41/64 158/40/64 159/42/64
f 152/44/63 155/43/63 151/45/63
f 149/47/61 154/46/61 150/48/61
f 160/16/71 150/17/71 154/18/71
f 153/52/72 156/51/72 154/53/72
f 160/55/64 149/54/64 150/56/64
f 159/42/73 157/57/73 160/55/73
f 174/184/71 138/185/71 162/58/71
f 139/62/70 138/61/70 137/63/70
f 175/65/67 164/64/67 176/23/67
f 173/67/74 163/66/74 175/65/74
f 167/69/75 134/68/75 133/70/75
f 165/9/72 132/71/72 131/72/72
f 147/74/76 171/73/76 169/75/76
f 145/78/67 171/76/67 148/186/67
f 170/80/77 171/79/77 172/81/77
f 140/184/65 141/187/65 161/58/65
f 187/84/78 178/83/78 185/85/78
f 181/87/79 191/86/79 188/88/79
f 206/91/80 205/156/80 177/90/80
f 195/93/81 214/92/81 213/94/81
f 186/97/82 203/157/82 192/95/82
f 177/98/83 188/88/84 184/99/83
f 190/102/85 178/100/85 182/188/85
f 183/103/86 186/97/86 191/86/86
f 184/105/87 182/104/87 177/106/87
f 194/108/88 180/107/88 187/84/89
f 187/110/90 190/109/90 194/111/90
f 193/112/90 196/113/90 195/153/90
f 197/116/85 199/189/85 200/115/85
f 224/119/91 192/118/91 210/148/91
f 189/154/90 184/155/90 191/123/90
f 194/108/81 241/127/81 209/128/81
f 189/129/85 200/115/85 190/102/85
f 196/143/92 226/142/92 214/144/92
f 194/146/78 200/145/78 226/147/78
f 210/148/92 213/190/92 202/120/92
f 192/151/93 212/150/93 189/152/93
f 200/109/80 221/110/80 226/111/80
f 225/112/80 214/113/80 226/114/80
f 224/121/80 220/122/80 223/123/80
f 197/83/94 221/84/94 199/85/94
f 223/86/79 218/87/79 222/88/79
f 198/89/90 215/90/90 229/91/90
f 201/157/82 220/97/82 224/95/82
f 222/88/83 215/98/84 211/99/84
f 220/97/86 219/103/86 223/86/86
f 198/104/87 211/105/87 215/106/87
f 217/107/88 226/108/88 221/84/88
f 233/127/81 226/108/81 232/128/81
f 138/173/69 140/172/69 137/174/69
f 130/191/71 132/192/71 166/177/71
f 174/179/95 141/178/95 140/180/95
f 240/158/80 235/159/80 238/160/80
f 239/163/96 210/170/96 240/158/96
f 209/161/97 241/162/97 239/163/97
f 206/166/98 237/167/98 236/168/98
f 237/167/99 208/169/99 238/160/99
f 204/164/100 234/165/100 235/159/100
f 203/171/101 204/164/102 235/159/103
f 234/165/104 206/166/104 236/168/104
f 246/160/90 245/167/90 243/159/90
f 247/163/105 233/162/106 232/161/106
f 242/165/107 227/164/107 243/159/107
f 245/167/108 229/166/108 244/168/108
f 245/167/109 231/169/109 230/193/109
f 242/165/110 229/166/110 228/194/110
f 247/163/111 202/170/111 233/162/111
f 243/159/112 227/164/113 201/171/114
f 10/4/7 12/195/7 11/5/7
f 46/7/8 16/196/8 15/8/8
f 16/10/9 14/197/9 13/11/9
f 48/13/10 10/198/10 9/14/10
f 33/18/11 35/50/11 37/16/11
f 35/50/11 31/199/11 38/49/11
f 37/16/11 35/50/11 38/49/11
f 9/20/11 11/200/11 45/21/11
f 45/21/11 15/182/11 13/181/11
f 13/181/11 47/19/11 45/21/11
f 41/22/12 44/64/12 56/23/12
f 21/25/13 41/201/13 42/26/13
f 52/28/14 50/202/14 23/29/14
f 27/33/15 24/203/15 23/31/15
f 23/31/15 50/183/15 49/32/15
f 26/34/16 25/204/16 23/35/16
f 28/37/17 26/205/17 24/38/17
f 38/40/10 31/206/10 32/41/10
f 35/43/9 36/207/9 32/44/9
f 34/46/7 33/208/7 29/47/7
f 32/199/17 36/50/17 39/49/17
f 36/50/17 34/18/17 40/16/17
f 34/18/17 30/17/17 40/16/17
f 36/51/18 35/209/18 33/52/18
f 29/54/10 37/57/10 40/55/10
f 37/57/19 38/40/19 39/42/19
f 55/60/17 53/82/17 42/58/17
f 53/82/17 18/185/17 42/58/17
f 18/185/17 54/184/17 42/58/17
f 54/184/17 22/187/17 42/58/17
f 18/61/16 53/210/16 19/62/16
f 44/64/13 43/66/13 55/65/13
f 43/66/20 19/211/20 53/67/20
f 14/68/21 48/212/21 47/69/21
f 12/71/18 46/7/18 45/9/18
f 51/73/22 28/213/22 27/74/22
f 25/78/13 26/214/13 28/186/13
f 28/186/13 51/76/13 25/78/13
f 51/79/23 49/215/23 50/80/23
f 41/58/11 21/187/11 20/184/11
f 20/184/11 17/185/11 41/58/11
f 17/185/11 19/82/11 41/58/11
f 19/82/11 43/60/11 44/59/11
f 58/83/24 60/107/24 67/84/24
f 71/86/25 63/103/25 61/87/25
f 57/90/26 61/216/26 93/156/26
f 61/216/26 63/217/26 92/218/26
f 63/217/26 59/219/26 92/218/26
f 59/219/26 91/220/26 92/218/26
f 97/221/26 60/222/26 96/223/26
f 60/222/26 58/224/26 95/225/26
f 95/225/26 96/223/26 60/222/26
f 61/216/26 92/218/26 93/156/26
f 95/225/26 58/224/26 62/89/26
f 57/90/26 93/156/26 94/91/26
f 94/91/26 95/225/26 62/89/26
f 87/92/27 81/226/27 80/93/27
f 74/95/28 91/157/28 59/96/28
f 68/88/29 61/87/29 57/98/29
f 70/102/30 69/129/30 62/188/30
f 62/188/30 58/100/30 70/102/30
f 66/97/31 59/96/31 63/103/31
f 62/104/32 69/227/32 64/105/33
f 60/107/34 97/128/34 76/108/34
f 70/109/35 65/228/35 67/110/35
f 75/112/35 80/153/35 81/113/35
f 83/117/30 109/229/30 85/115/30
f 85/115/30 84/189/115 82/116/30
f 113/119/36 88/230/36 127/120/36
f 127/120/36 98/148/36 74/118/36
f 98/148/36 91/231/36 74/118/36
f 71/123/35 68/232/35 64/155/35
f 64/155/35 69/154/35 71/123/35
f 69/154/35 74/121/35 71/123/35
f 77/136/26 72/133/26 78/125/26
f 72/133/26 73/126/26 78/125/26
f 73/126/26 90/233/26 79/124/26
f 90/233/26 89/130/26 79/124/26
f 99/127/27 75/234/27 76/108/27
f 85/115/30 109/229/30 69/129/30
f 96/137/38 79/124/38 97/132/38
f 79/124/38 89/130/37 97/132/38
f 72/133/39 93/139/39 92/134/39
f 78/125/40 95/138/40 94/135/40
f 78/125/41 79/124/41 96/137/41
f 72/133/42 77/136/42 94/135/42
f 89/130/43 90/233/43 98/140/43
f 98/140/116 90/233/117 91/141/46
f 90/233/117 73/126/44 91/141/46
f 115/142/47 76/235/47 81/143/47
f 85/145/24 70/236/24 76/146/24
f 127/120/47 128/237/47 86/190/47
f 128/237/47 114/238/47 86/190/47
f 75/239/118 99/240/118 80/149/47
f 99/240/118 98/148/47 80/149/47
f 127/120/47 86/190/47 80/149/47
f 109/150/48 113/241/48 74/151/48
f 100/110/26 84/228/26 85/109/26
f 114/112/26 115/114/26 87/113/26
f 106/155/26 108/232/26 110/123/26
f 110/123/26 107/122/26 113/121/26
f 113/121/26 109/154/26 110/123/26
f 100/84/24 103/107/24 82/83/24
f 104/87/25 105/103/25 110/86/25
f 82/224/35 103/222/35 124/225/35
f 103/222/35 126/221/35 125/223/35
f 124/225/35 103/222/35 125/223/35
f 105/217/35 104/216/35 121/218/35
f 104/216/35 101/90/35 122/156/35
f 121/218/35 104/216/35 122/156/35
f 88/220/35 102/219/35 121/218/35
f 102/219/35 105/217/35 121/218/35
f 83/89/35 82/224/35 124/225/35
f 83/89/35 124/225/35 123/91/35
f 83/89/35 123/91/35 101/90/35
f 107/97/28 102/96/28 88/157/28
f 101/98/29 104/87/29 108/88/29
f 105/103/31 102/96/31 107/97/31
f 106/105/32 109/227/32 83/104/32
f 115/108/34 126/128/34 103/107/34
f 112/159/35 111/165/35 117/167/35
f 111/165/35 116/168/35 117/167/35
f 117/167/35 118/160/35 112/159/35
f 118/160/35 119/163/35 120/158/35
f 115/108/27 114/234/27 128/127/27
f 119/163/49 118/160/49 126/161/49
f 118/160/49 125/169/49 126/161/49
f 121/164/51 122/194/51 111/165/51
f 123/166/52 124/193/52 117/167/52
f 117/167/53 124/193/53 125/169/53
f 111/165/54 122/194/54 123/166/54
f 119/163/55 128/162/55 127/170/55
f 112/159/58 120/158/119 88/171/56
f 120/158/119 127/170/120 88/171/56
f 20/172/15 54/242/15 18/173/15
f 14/176/59 16/243/59 46/177/17
f 46/177/17 12/192/17 10/191/17
f 10/191/17 48/175/17 46/177/17
f 21/178/60 22/244/60 54/179/60
f 131/5/61 132/195/61 130/4/61
f 135/8/62 136/196/62 166/7/62
f 133/11/63 134/197/63 136/10/63
f 129/14/64 130/198/64 168/13/64
f 151/199/65 155/50/65 158/49/65
f 155/50/65 153/18/65 157/16/65
f 153/18/65 149/17/65 157/16/65
f 165/21/65 131/200/65 129/20/65
f 129/20/65 167/19/65 165/21/65
f 167/19/65 133/181/65 165/21/65
f 176/23/66 164/64/66 161/22/66
f 162/26/67 161/201/67 141/25/67
f 143/29/68 170/202/68 172/28/68
f 143/31/69 144/203/69 147/33/69
f 147/33/69 169/32/69 143/31/69
f 143/35/70 145/204/70 146/34/70
f 144/38/71 146/205/71 148/37/71
f 152/41/64 151/206/64 158/40/64
f 152/44/63 156/207/63 155/43/63
f 149/47/61 153/208/61 154/46/61
f 154/18/71 156/50/71 160/16/71
f 156/50/71 152/199/71 159/49/71
f 160/16/71 156/50/71 159/49/71
f 153/52/72 155/209/72 156/51/72
f 160/55/64 157/57/64 149/54/64
f 159/42/73 158/40/73 157/57/73
f 138/185/71 173/82/71 162/58/71
f 173/82/71 175/60/71 162/58/71
f 175/60/71 176/59/71 162/58/71
f 162/58/71 142/187/71 174/184/71
f 139/62/70 173/210/70 138/61/70
f 175/65/67 163/66/67 164/64/67
f 173/67/74 139/211/74 163/66/74
f 167/69/75 168/212/75 134/68/75
f 165/9/72 166/7/72 132/71/72
f 147/74/76 148/213/76 171/73/76
f 148/186/67 146/214/67 145/78/67
f 145/78/67 172/77/67 171/76/67
f 170/80/77 169/215/77 171/79/77
f 161/58/65 164/59/65 163/60/65
f 163/60/65 139/82/65 161/58/65
f 139/82/65 137/185/65 161/58/65
f 137/185/65 140/184/65 161/58/65
f 187/84/78 180/107/78 178/83/78
f 181/87/79 183/103/79 191/86/79
f 178/224/80 180/222/80 207/225/80
f 180/222/80 209/221/80 208/223/80
f 207/225/80 180/222/80 208/223/80
f 183/217/80 181/216/80 204/218/80
f 181/216/80 177/90/80 205/156/80
f 204/218/80 181/216/80 205/156/80
f 203/220/80 179/219/80 204/218/80
f 179/219/80 183/217/80 204/218/80
f 182/89/80 178/224/80 207/225/80
f 182/89/80 207/225/80 206/91/80
f 182/89/80 206/91/80 177/90/80
f 195/93/81 196/226/81 214/92/81
f 186/97/82 179/96/82 203/157/82
f 177/98/83 181/87/84 188/88/84
f 182/188/85 189/129/85 190/102/85
f 190/102/85 185/101/85 178/100/85
f 183/103/86 179/96/86 186/97/86
f 184/105/87 189/227/87 182/104/87
f 194/108/88 209/128/88 180/107/88
f 187/110/90 185/228/90 190/109/90
f 193/112/90 194/114/90 196/113/90
f 200/115/85 212/229/85 198/117/85
f 198/117/85 197/116/85 200/115/85
f 192/118/91 203/231/91 210/148/91
f 210/148/91 202/120/91 224/119/91
f 202/120/91 201/230/91 224/119/91
f 184/155/90 188/232/90 191/123/90
f 191/123/90 186/122/90 192/121/90
f 192/121/90 189/154/90 191/123/90
f 194/108/81 193/234/81 241/127/81
f 189/129/85 212/229/85 200/115/85
f 196/143/92 194/235/121 226/142/92
f 194/146/78 190/236/78 200/145/78
f 210/148/92 241/240/92 195/149/92
f 241/240/92 193/239/92 195/149/92
f 225/238/121 233/237/121 213/190/92
f 233/237/121 202/120/92 213/190/92
f 210/148/92 195/149/92 213/190/92
f 192/151/93 224/241/93 212/150/93
f 200/109/80 199/228/80 221/110/80
f 225/112/80 213/153/80 214/113/80
f 223/123/80 222/232/80 211/155/80
f 211/155/80 212/154/80 223/123/80
f 212/154/80 224/121/80 223/123/80
f 197/83/94 217/107/94 221/84/94
f 223/86/79 219/103/79 218/87/79
f 215/90/90 218/216/90 228/156/90
f 218/216/90 219/217/90 227/218/90
f 219/217/90 216/219/90 227/218/90
f 216/219/90 201/220/90 227/218/90
f 232/221/90 217/222/90 231/223/90
f 217/222/90 197/224/90 230/225/90
f 230/225/90 231/223/90 217/222/90
f 218/216/90 227/218/90 228/156/90
f 230/225/90 197/224/90 198/89/90
f 215/90/90 228/156/90 229/91/90
f 229/91/90 230/225/90 198/89/90
f 201/157/82 216/96/82 220/97/82
f 222/88/83 218/87/83 215/98/84
f 220/97/86 216/96/86 219/103/86
f 198/104/87 212/227/87 211/105/87
f 217/107/88 232/128/88 226/108/88
f 233/127/81 225/234/81 226/108/81
f 138/173/69 174/242/69 140/172/69
f 166/177/71 136/243/71 134/176/71
f 134/176/71 168/175/71 166/177/71
f 168/175/71 130/191/71 166/177/71
f 174/179/95 142/244/95 141/178/95
f 235/159/80 234/165/80 237/167/80
f 234/165/80 236/168/80 237/167/80
f 237/167/80 238/160/80 235/159/80
f 238/160/80 239/163/80 240/158/80
f 239/163/96 241/162/96 210/170/96
f 239/163/97 238/160/97 209/161/97
f 238/160/97 208/169/97 209/161/97
f 206/166/98 207/193/98 237/167/98
f 237/167/99 207/193/99 208/169/99
f 204/164/100 205/194/100 234/165/100
f 235/159/103 240/158/122 203/171/101
f 240/158/122 210/170/123 203/171/101
f 234/165/104 205/194/104 206/166/104
f 244/168/90 242/165/90 245/167/90
f 242/165/90 243/159/90 245/167/90
f 243/159/90 248/158/90 246/160/90
f 248/158/90 247/163/90 246/160/90
f 231/169/106 246/160/106 232/161/106
f 246/160/106 247/163/105 232/161/106
f 242/165/107 228/194/107 227/164/107
f 245/167/108 230/193/108 229/166/108
f 245/167/109 246/160/109 231/169/109
f 242/165/110 244/168/110 229/166/110
f 247/163/111 248/158/111 202/170/111
f 202/170/124 248/158/125 201/171/114
f 248/158/125 243/159/112 201/171/114
f 251/245/126 256/246/126 253/247/126
f 326/248/127 325/249/128 260/250/129
f 266/251/130 255/252/130 268/253/130
f 270/254/131 266/251/131 268/253/131
f 249/255/132 251/256/132 250/257/132
f 265/258/133 270/259/133 267/260/133
f 310/261/134 258/262/135 276/263/136
f 279/264/137 286/265/138 283/266/138
f 282/267/139 280/268/139 281/269/139
f 290/270/140 287/271/140 288/272/140
f 292/273/126 289/274/126 290/275/126
f 294/276/141 291/277/141 292/278/141
f 296/279/142 293/280/142 294/276/142
f 288/281/143 296/282/143 294/283/143
f 295/284/144 288/285/144 287/286/144
f 322/287/145 317/288/146 325/289/147
f 326/248/127 276/290/148 258/291/149
f 277/292/150 278/293/151 297/294/152
f 278/293/151 275/295/153 297/294/152
f 275/295/153 276/290/148 297/294/152
f 275/296/154 312/297/154 309/298/154
f 303/299/155 300/300/155 299/301/155
f 267/260/140 250/257/140 265/258/140
f 271/302/156 256/246/156 273/303/156
f 252/304/156 274/305/156 255/252/156
f 272/306/157 273/307/157 274/305/157
f 308/308/158 310/309/158 305/310/158
f 275/311/159 310/312/160 276/313/161
f 278/314/162 311/315/163 312/316/164
f 326/248/127 277/292/150 297/294/152
f 324/317/165 313/318/166 316/319/167
f 306/320/168 319/321/168 318/322/168
f 258/291/149 324/323/169 326/248/127
f 324/323/169 325/249/128 326/248/127
f 323/324/170 325/249/171 324/323/172
f 315/325/173 261/326/173 262/327/173
f 280/268/174 285/328/174 281/269/174
f 284/329/175 286/265/138 285/330/175
f 323/331/176 316/319/167 259/332/177
f 260/333/178 317/288/146 319/334/179
f 260/333/178 311/335/180 277/336/181
f 307/337/182 311/338/182 306/339/182
f 298/340/175 310/341/175 309/342/175
f 262/343/183 322/344/183 320/345/183
f 321/346/184 322/344/184 323/347/184
f 318/322/185 317/348/185 315/325/185
f 257/349/186 323/347/186 259/350/186
f 308/308/187 316/351/188 313/352/187
f 257/353/189 316/351/188 314/354/188
f 307/337/190 309/342/190 312/355/190
f 263/356/191 329/357/191 330/358/191
f 302/359/192 329/360/192 264/361/192
f 301/362/193 303/363/193 299/364/193
f 302/365/194 264/366/194 301/367/194
f 281/368/195 286/369/196 282/370/197
f 345/371/198 346/372/199 351/373/200
f 350/374/201 333/375/202 335/376/203
f 349/374/204 331/377/205 341/378/206
f 332/377/207 333/375/202 350/374/201
f 352/373/208 347/371/209 349/374/204
f 349/374/204 338/376/210 336/375/211
f 337/379/212 352/373/208 342/380/213
f 334/379/214 340/380/215 351/373/200
f 293/283/216 295/282/216 287/281/216
f 362/248/217 354/250/218 361/249/219
f 353/262/220 305/261/221 356/263/222
f 315/288/223 320/287/224 361/289/225
f 356/290/226 362/248/217 353/291/227
f 357/292/228 359/294/229 358/293/230
f 358/293/230 359/294/229 355/295/231
f 355/295/231 359/294/229 356/290/226
f 355/296/232 307/297/232 358/381/232
f 305/312/233 355/311/234 356/313/235
f 358/314/236 306/315/237 357/382/238
f 357/292/228 362/248/217 359/294/229
f 308/318/239 360/317/240 314/319/241
f 353/291/227 362/248/217 360/323/242
f 360/323/242 362/248/217 361/249/219
f 361/249/243 321/324/244 360/323/245
f 314/319/241 321/331/246 257/332/247
f 354/333/248 315/288/223 361/289/225
f 306/335/249 354/333/248 357/336/250
f 283/369/251 280/368/252 279/370/253
f 302/362/254 304/363/254 327/383/254
f 330/360/255 301/359/255 263/361/255
f 363/384/256 366/385/256 365/386/256
f 366/385/257 367/387/257 365/386/257
f 371/388/258 370/389/258 369/390/258
f 373/391/259 372/392/259 371/388/259
f 369/393/260 364/394/260 363/395/260
f 374/396/261 367/387/261 368/397/261
f 366/398/262 374/399/262 368/400/262
f 370/401/262 366/398/262 364/402/262
f 365/398/263 373/399/263 371/403/263
f 365/398/263 369/401/263 363/402/263
f 327/404/264 304/405/264 303/406/264
f 251/245/126 254/407/126 256/246/126
f 266/251/130 252/304/130 255/252/130
f 270/254/131 269/408/131 266/251/131
f 249/255/132 254/409/132 251/256/132
f 265/258/133 269/410/133 270/259/133
f 310/261/134 313/411/265 258/262/135
f 279/264/137 282/412/137 286/265/138
f 282/267/139 279/413/139 280/268/139
f 290/270/140 289/414/140 287/271/140
f 292/273/126 291/415/126 289/274/126
f 294/276/141 293/280/141 291/277/141
f 296/279/142 295/416/142 293/280/142
f 292/417/143 290/418/143 294/283/143
f 290/418/143 288/281/143 294/283/143
f 295/284/144 296/419/144 288/285/144
f 322/287/145 261/420/266 317/288/146
f 326/248/127 297/294/152 276/290/148
f 275/296/154 278/381/154 312/297/154
f 303/299/155 304/421/155 300/300/155
f 267/260/140 249/255/140 250/257/140
f 271/302/156 253/247/156 256/246/156
f 252/304/156 272/306/156 274/305/156
f 272/306/157 271/422/157 273/307/157
f 308/308/158 313/352/158 310/309/158
f 275/311/159 309/423/267 310/312/160
f 278/314/162 277/382/163 311/315/163
f 326/248/127 260/250/129 277/292/150
f 324/317/165 258/424/268 313/318/166
f 306/320/168 311/425/168 319/321/168
f 323/324/170 322/426/269 325/249/171
f 315/325/173 317/348/173 261/326/173
f 280/268/174 284/427/174 285/328/174
f 284/329/175 283/266/138 286/265/138
f 323/331/176 324/317/165 316/319/167
f 260/333/178 325/289/147 317/288/146
f 260/333/178 319/334/179 311/335/180
f 307/337/182 312/355/182 311/338/182
f 298/340/175 305/428/175 310/341/175
f 262/343/183 261/429/183 322/344/183
f 321/346/184 320/345/184 322/344/184
f 318/322/185 319/321/185 317/348/185
f 257/349/186 321/346/186 323/347/186
f 308/308/187 314/354/188 316/351/188
f 257/353/189 259/430/189 316/351/188
f 307/337/190 298/340/190 309/342/190
f 263/356/191 264/431/191 329/357/191
f 302/359/192 327/432/192 329/360/192
f 301/362/193 328/383/193 303/363/193
f 264/366/194 263/433/194 301/367/194
f 301/367/194 299/434/194 300/435/194
f 300/435/194 302/365/194 301/367/194
f 281/368/195 285/436/270 286/369/196
f 346/372/199 334/379/214 351/373/200
f 351/373/200 350/374/201 345/371/198
f 350/374/201 335/376/203 345/371/198
f 342/380/213 352/373/208 344/437/271
f 352/373/208 349/374/204 341/378/206
f 349/374/204 336/375/211 331/377/205
f 341/378/206 344/437/271 352/373/208
f 350/374/201 351/373/200 339/378/272
f 351/373/200 340/380/215 343/437/273
f 339/378/272 351/373/200 343/437/273
f 339/378/272 332/377/207 350/374/201
f 352/373/208 337/379/212 348/372/274
f 348/372/274 347/371/209 352/373/208
f 347/371/209 338/376/210 349/374/204
f 287/281/216 289/418/216 293/283/216
f 289/418/216 291/417/216 293/283/216
f 353/262/220 308/411/275 305/261/221
f 315/288/223 262/420/276 320/287/224
f 356/290/226 359/294/229 362/248/217
f 355/296/232 298/298/232 307/297/232
f 305/312/233 298/423/234 355/311/234
f 358/314/236 307/316/236 306/315/237
f 357/292/228 354/250/218 362/248/217
f 308/318/239 353/424/277 360/317/240
f 361/249/243 320/426/278 321/324/244
f 314/319/241 360/317/240 321/331/246
f 354/333/248 318/334/279 315/288/223
f 306/335/249 318/334/279 354/333/248
f 283/369/251 284/436/280 280/368/252
f 302/362/254 300/364/254 304/363/254
f 330/360/255 328/432/255 301/359/255
f 363/384/256 364/438/256 366/385/256
f 366/385/257 368/397/257 367/387/257
f 371/388/258 372/392/258 370/389/258
f 373/391/259 374/439/259 372/392/259
f 369/393/260 370/440/260 364/394/260
f 374/396/261 373/441/261 367/387/261
f 366/398/262 372/403/262 374/399/262
f 370/401/262 372/403/262 366/398/262
f 365/398/263 367/400/263 373/399/263
f 365/398/263 371/403/263 369/401/263
f 303/406/264 328/442/264 327/404/264
f 328/442/264 330/443/264 327/404/264
f 330/443/264 329/444/264 327/404/264
f 377/245/281 379/247/281 382/246/281
f 447/248/282 386/250/283 446/249/284
f 392/251/285 394/253/285 381/252/285
f 396/254/286 394/253/286 392/251/286
f 375/255/287 376/257/287 377/256/287
f 391/258/288 393/260/288 396/259/288
f 431/261/289 402/263/290 384/262/291
f 405/264/292 409/266/293 412/265/293
f 408/267/294 407/269/294 406/268/294
f 414/270/295 413/272/295 474/271/295
f 415/273/281 414/275/281 475/274/281
f 416/276/296 415/278/296 476/277/296
f 417/279/297 416/276/297 477/280/297
f 413/281/298 416/283/298 417/282/298
f 478/284/299 474/286/299 413/285/299
f 443/287/300 446/289/301 438/288/302
f 447/248/282 384/291/303 402/290/304
f 403/292/305 418/294/306 404/293/307
f 404/293/307 418/294/306 401/295/308
f 401/295/308 418/294/306 402/290/304
f 401/296/309 430/298/309 433/297/309
f 424/299/310 420/301/310 421/300/310
f 393/260/295 391/258/295 376/257/295
f 397/302/311 399/303/311 382/246/311
f 378/304/311 381/252/311 400/305/311
f 398/306/312 400/305/312 399/307/312
f 429/308/313 426/310/313 431/309/313
f 401/311/314 402/313/315 431/312/316
f 404/314/317 433/316/317 432/315/317
f 447/248/282 418/294/306 403/292/305
f 445/317/318 437/319/319 434/318/320
f 427/320/321 439/322/321 440/321/321
f 384/291/303 447/248/282 445/323/322
f 445/323/322 447/248/282 446/249/284
f 444/324/323 445/323/324 446/249/325
f 436/325/326 388/327/326 387/326/326
f 406/268/327 407/269/327 411/328/327
f 410/329/328 411/330/328 412/265/293
f 444/331/329 385/332/330 437/319/319
f 386/333/331 440/334/332 438/288/302
f 386/333/331 403/336/333 432/335/334
f 428/337/335 427/339/335 432/338/335
f 419/340/328 430/342/328 431/341/328
f 388/343/336 441/345/336 443/344/336
f 442/346/337 444/347/337 443/344/337
f 439/322/338 436/325/338 438/348/338
f 383/349/339 385/350/339 444/347/339
f 429/308/340 434/352/340 437/351/341
f 383/353/342 435/354/341 437/351/341
f 428/337/343 433/355/343 430/342/343
f 389/356/344 451/358/344 450/357/344
f 423/359/345 390/361/345 450/360/345
f 422/362/346 420/364/346 424/363/346
f 423/365/347 422/367/347 390/366/347
f 407/368/348 408/370/349 412/369/350
f 466/371/351 472/373/352 467/372/353
f 471/374/354 456/376/355 454/375/356
f 470/374/357 462/378/358 452/377/359
f 453/377/360 471/374/354 454/375/356
f 473/373/361 470/374/357 468/371/362
f 470/374/357 457/375/363 459/376/364
f 458/379/365 463/380/366 473/373/361
f 455/379/367 472/373/352 461/380/368
f 477/283/369 474/281/369 478/282/369
f 488/248/370 487/249/371 480/250/372
f 479/262/373 482/263/374 426/261/375
f 436/288/376 487/289/377 441/287/378
f 482/290/379 479/291/380 488/248/370
f 483/292/381 484/293/382 485/294/383
f 484/293/382 481/295/384 485/294/383
f 481/295/384 482/290/379 485/294/383
f 481/296/385 484/381/385 428/297/385
f 426/312/386 482/313/387 481/311/388
f 484/314/389 483/382/390 427/315/390
f 483/292/381 485/294/383 488/248/370
f 429/318/391 435/319/392 486/317/393
f 479/291/380 486/323/394 488/248/370
f 486/323/394 487/249/371 488/248/370
f 487/249/395 486/323/396 442/324/397
f 435/319/392 383/332/398 442/331/399
f 480/333/400 487/289/377 436/288/376
f 427/335/401 483/336/402 480/333/400
f 409/369/403 405/370/404 406/368/405
f 423/362/406 448/383/406 425/363/406
f 451/360/407 389/361/407 422/359/407
f 489/384/408 491/386/408 492/385/408
f 492/385/409 491/386/409 493/387/409
f 497/388/410 495/390/410 496/389/410
f 499/391/411 497/388/411 498/392/411
f 495/393/412 489/395/412 490/394/412
f 500/396/413 494/397/413 493/387/413
f 492/398/414 494/400/414 500/399/414
f 496/401/414 490/402/414 492/398/414
f 491/398/415 497/403/415 499/399/415
f 491/398/415 489/402/415 495/401/415
f 448/404/416 424/406/416 425/405/416
f 377/245/281 382/246/281 380/407/281
f 392/251/285 381/252/285 378/304/285
f 396/254/286 392/251/286 395/408/286
f 375/255/287 377/256/287 380/409/287
f 391/258/288 396/259/288 395/410/288
f 431/261/289 384/262/291 434/411/417
f 405/264/292 412/265/293 408/412/292
f 408/267/294 406/268/294 405/413/294
f 414/270/295 474/271/295 475/414/295
f 415/273/281 475/274/281 476/415/281
f 416/276/296 476/277/296 477/280/296
f 417/279/297 477/280/297 478/416/297
f 415/417/298 416/283/298 414/418/298
f 414/418/298 416/283/298 413/281/298
f 478/284/299 413/285/299 417/419/299
f 443/287/300 438/288/302 387/420/418
f 447/248/282 402/290/304 418/294/306
f 401/296/309 433/297/309 404/381/309
f 424/299/310 421/300/310 425/421/310
f 393/260/295 376/257/295 375/255/295
f 397/302/311 382/246/311 379/247/311
f 378/304/311 400/305/311 398/306/311
f 398/306/312 399/307/312 397/422/312
f 429/308/313 431/309/313 434/352/313
f 401/311/314 431/312/316 430/423/419
f 404/314/317 432/315/317 403/382/420
f 447/248/282 403/292/305 386/250/283
f 445/317/318 434/318/320 384/424/421
f 427/320/321 440/321/321 432/425/321
f 444/324/323 446/249/325 443/426/422
f 436/325/326 387/326/326 438/348/326
f 406/268/327 411/328/327 410/427/327
f 410/329/328 412/265/293 409/266/293
f 444/331/329 437/319/319 445/317/318
f 386/333/331 438/288/302 446/289/301
f 386/333/331 432/335/334 440/334/332
f 428/337/335 432/338/335 433/355/335
f 419/340/328 431/341/328 426/428/328
f 388/343/336 443/344/336 387/429/336
f 442/346/337 443/344/337 441/345/337
f 439/322/338 438/348/338 440/321/338
f 383/349/339 444/347/339 442/346/339
f 429/308/340 437/351/341 435/354/341
f 383/353/342 437/351/341 385/430/342
f 428/337/343 430/342/343 419/340/343
f 389/356/344 450/357/344 390/431/344
f 423/359/345 450/360/345 448/432/345
f 422/362/346 424/363/346 449/383/346
f 390/366/347 422/367/347 389/433/347
f 422/367/347 421/435/347 420/434/347
f 421/435/347 422/367/347 423/365/347
f 407/368/348 412/369/350 411/436/423
f 467/372/353 472/373/352 455/379/367
f 472/373/352 466/371/351 471/374/354
f 471/374/354 466/371/351 456/376/355
f 463/380/366 465/437/424 473/373/361
f 473/373/361 462/378/358 470/374/357
f 470/374/357 452/377/359 457/375/363
f 462/378/358 473/373/361 465/437/424
f 471/374/354 460/378/425 472/373/352
f 472/373/352 464/437/426 461/380/368
f 460/378/425 464/437/426 472/373/352
f 460/378/425 471/374/354 453/377/360
f 473/373/361 469/372/427 458/379/365
f 469/372/427 473/373/361 468/371/362
f 468/371/362 470/374/357 459/376/364
f 474/281/369 477/283/369 475/418/369
f 475/418/369 477/283/369 476/417/369
f 479/262/373 426/261/375 429/411/428
f 436/288/376 441/287/378 388/420/429
f 482/290/379 488/248/370 485/294/383
f 481/296/385 428/297/385 419/298/385
f 426/312/386 481/311/388 419/423/430
f 484/314/389 427/315/390 428/316/389
f 483/292/381 488/248/370 480/250/372
f 429/318/391 486/317/393 479/424/431
f 487/249/395 442/324/397 441/426/432
f 435/319/392 442/331/399 486/317/393
f 480/333/400 436/288/376 439/334/433
f 427/335/401 480/333/400 439/334/433
f 409/369/403 406/368/405 410/436/434
f 423/362/406 425/363/406 421/364/406
f 451/360/407 422/359/407 449/432/407
f 489/384/408 492/385/408 490/438/408
f 492/385/409 493/387/409 494/397/409
f 497/388/410 496/389/410 498/392/410
f 499/391/411 498/392/411 500/439/411
f 495/393/412 490/394/412 496/440/412
f 500/396/413 493/387/413 499/441/413
f 492/398/414 500/399/414 498/403/414
f 496/401/414 492/398/414 498/403/414
f 491/398/415 499/399/415 493/400/415
f 491/398/415 495/401/415 497/403/415
f 424/406/416 448/404/416 449/442/416
f 449/442/416 448/404/416 451/443/416
f 451/443/416 448/404/416 450/444/416
f 503/445/435 502/446/435 521/447/435
f 504/448/436 527/449/436 503/450/436
f 526/451/437 521/452/437 502/453/437
f 520/454/437 524/455/437 501/456/437
f 534/457/438 535/458/438 536/459/438
f 535/460/439 529/461/439 536/462/439
f 529/463/440 530/464/440 514/465/440
f 506/466/441 511/467/441 510/468/441
f 521/452/442 522/469/442 520/454/442
f 528/470/443 525/471/443 522/472/443
f 505/473/444 528/474/444 504/475/444
f 501/476/445 525/477/445 505/478/445
f 503/479/446 526/480/446 502/481/446
f 531/482/437 536/483/437 529/484/437
f 535/485/447 514/486/447 530/487/447
f 534/488/448 532/489/448 514/490/448
f 531/491/449 537/492/450 533/493/451
f 513/494/452 509/495/452 512/496/452
f 508/497/453 517/498/453 509/499/453
f 510/500/454 518/501/454 516/502/454
f 519/503/452 507/504/452 506/466/452
f 513/494/452 538/505/452 519/503/452
f 516/506/455 517/507/455 515/508/455
f 518/509/440 511/510/440 507/511/440
f 517/512/440 512/513/440 509/514/440
f 518/509/456 507/511/456 538/515/456
f 512/513/457 518/509/457 538/515/457
f 513/513/438 515/512/438 508/514/438
f 516/509/438 506/511/438 510/510/438
f 516/509/458 519/515/458 506/511/458
f 513/513/459 519/515/459 516/509/459
f 542/516/460 543/517/460 558/518/460
f 565/449/461 542/448/461 541/450/461
f 559/452/462 564/451/462 540/453/462
f 558/454/462 562/455/462 560/469/462
f 574/459/438 573/458/438 572/457/438
f 573/460/463 567/461/463 568/519/463
f 552/465/440 568/464/440 567/463/440
f 549/467/464 544/466/464 548/468/464
f 558/454/465 561/520/465 559/452/465
f 565/521/466 564/522/466 561/523/466
f 566/474/467 543/473/467 542/475/467
f 563/477/468 539/476/468 543/478/468
f 564/480/469 541/479/469 540/481/469
f 569/482/462 574/483/462 571/524/462
f 552/486/470 573/485/470 568/487/470
f 570/489/471 572/488/471 552/490/471
f 575/492/472 569/491/473 571/493/474
f 550/496/475 546/525/475 551/494/475
f 555/498/476 546/497/476 547/499/476
f 556/501/477 548/500/477 554/502/477
f 545/504/475 557/503/475 544/466/475
f 576/505/475 551/494/475 557/503/475
f 555/507/478 554/506/478 553/508/478
f 556/509/440 545/511/440 549/510/440
f 550/513/440 555/512/440 547/514/440
f 556/509/479 576/515/479 545/511/479
f 550/513/480 576/515/480 556/509/480
f 553/512/438 551/513/438 546/514/438
f 554/509/438 548/510/438 544/511/438
f 554/509/481 544/511/481 557/515/481
f 551/513/482 554/509/482 557/515/482
f 579/526/438 578/527/438 623/528/438
f 622/529/440 624/530/440 577/531/440
f 612/532/437 580/533/437 582/534/437
f 599/535/483 585/536/483 584/537/483
f 583/534/484 585/538/484 581/533/484
f 580/539/485 599/540/485 584/541/485
f 590/542/486 596/543/486 597/544/486
f 593/545/440 594/546/440 592/547/440
f 589/548/487 592/549/487 588/550/487
f 596/551/462 595/552/462 593/553/462
f 590/554/488 595/555/488 591/556/488
f 597/544/489 589/557/489 588/558/489
f 586/559/440 585/560/440 587/561/440
f 581/539/490 598/540/490 600/562/490
f 603/563/491 605/564/491 602/565/491
f 607/566/438 609/567/438 608/568/438
f 604/569/488 609/570/488 605/571/488
f 606/572/492 603/573/492 602/574/492
f 577/575/437 579/576/437 623/577/437
f 607/578/462 604/579/462 603/580/462
f 598/581/493 601/582/493 600/583/493
f 610/584/487 581/585/487 580/586/487
f 581/533/462 613/532/462 583/534/462
f 615/563/494 617/564/494 616/587/494
f 616/579/437 619/578/437 615/580/437
f 626/576/462 622/575/462 578/577/462
f 619/566/438 621/567/438 618/588/438
f 615/573/495 618/572/495 614/574/495
f 616/569/488 621/570/488 620/589/488
f 578/590/487 577/591/487 623/592/487
f 624/593/488 626/594/488 579/595/488
f 584/538/496 582/534/496 580/533/496
f 586/596/497 583/597/497 582/598/497
f 612/599/488 583/600/488 613/601/488
f 601/602/498 581/603/498 600/604/498
f 610/605/438 613/606/438 611/607/438
f 594/552/437 590/608/437 597/551/437
f 630/609/438 633/610/438 629/611/438
f 634/612/462 631/613/462 633/614/462
f 632/615/440 627/616/440 631/617/440
f 633/618/487 627/619/487 629/620/487
f 630/621/488 632/622/488 634/623/488
f 627/613/437 630/612/437 629/614/437
f 520/518/435 501/624/435 505/517/435
f 505/517/435 504/516/435 520/518/435
f 504/516/435 503/445/435 521/447/435
f 520/518/435 504/516/435 521/447/435
f 504/448/436 528/625/436 527/449/436
f 526/451/437 523/520/437 521/452/437
f 520/454/437 522/469/437 524/455/437
f 536/459/438 533/626/438 534/457/438
f 533/626/438 537/627/438 534/457/438
f 535/460/439 530/519/439 529/461/439
f 532/628/440 531/629/440 514/465/440
f 531/629/440 529/463/440 514/465/440
f 506/466/441 507/504/441 511/467/441
f 521/452/442 523/520/442 522/469/442
f 525/471/443 524/630/443 522/472/443
f 522/472/443 523/523/443 528/470/443
f 523/523/443 526/522/443 527/521/443
f 527/521/443 528/470/443 523/523/443
f 505/473/444 525/631/444 528/474/444
f 501/476/445 524/632/445 525/477/445
f 503/479/446 527/633/446 526/480/446
f 531/482/437 533/524/437 536/483/437
f 535/485/447 534/634/447 514/486/447
f 534/488/448 537/635/448 532/489/448
f 531/491/449 532/636/499 537/492/450
f 513/494/452 508/525/452 509/495/452
f 508/497/453 515/637/453 517/498/453
f 510/500/454 511/638/454 518/501/454
f 519/503/452 538/505/452 507/504/452
f 513/494/452 512/496/452 538/505/452
f 516/506/455 518/639/455 517/507/455
f 517/512/440 518/509/440 512/513/440
f 513/513/438 516/509/438 515/512/438
f 543/517/460 539/624/460 558/518/460
f 558/518/460 559/447/460 542/516/460
f 559/447/460 540/446/460 541/445/460
f 541/445/460 542/516/460 559/447/460
f 565/449/461 566/625/461 542/448/461
f 559/452/462 561/520/462 564/451/462
f 558/454/462 539/456/462 562/455/462
f 575/627/438 571/626/438 572/457/438
f 571/626/438 574/459/438 572/457/438
f 573/460/463 574/462/463 567/461/463
f 567/463/440 569/629/440 552/465/440
f 569/629/440 570/628/440 552/465/440
f 549/467/464 545/504/464 544/466/464
f 558/454/465 560/469/465 561/520/465
f 560/472/466 562/630/466 563/471/466
f 563/471/466 566/470/466 560/472/466
f 566/470/466 565/521/466 561/523/466
f 560/472/466 566/470/466 561/523/466
f 566/474/467 563/631/467 543/473/467
f 563/477/468 562/632/468 539/476/468
f 564/480/469 565/633/469 541/479/469
f 569/482/462 567/484/462 574/483/462
f 552/486/470 572/634/470 573/485/470
f 570/489/471 575/635/471 572/488/471
f 575/492/472 570/636/500 569/491/473
f 550/496/475 547/495/475 546/525/475
f 555/498/476 553/637/476 546/497/476
f 556/501/477 549/638/477 548/500/477
f 545/504/475 576/505/475 557/503/475
f 576/505/475 550/496/475 551/494/475
f 555/507/478 556/639/478 554/506/478
f 550/513/440 556/509/440 555/512/440
f 553/512/438 554/509/438 551/513/438
f 579/526/438 626/640/438 578/527/438
f 622/529/440 625/641/440 624/530/440
f 612/532/437 610/642/437 580/533/437
f 599/535/483 598/643/483 585/536/483
f 583/534/484 587/644/484 585/538/484
f 580/539/485 601/562/485 599/540/485
f 590/542/486 591/645/486 596/543/486
f 593/545/440 595/646/440 594/546/440
f 589/548/487 593/647/487 592/549/487
f 593/553/462 589/648/462 596/551/462
f 596/551/462 591/608/462 595/552/462
f 590/554/488 594/649/488 595/555/488
f 597/544/489 596/543/489 589/557/489
f 586/559/440 584/650/440 585/560/440
f 581/539/490 585/541/490 598/540/490
f 603/563/491 604/587/491 605/564/491
f 607/566/438 606/588/438 609/567/438
f 604/569/488 608/589/488 609/570/488
f 606/572/492 607/651/492 603/573/492
f 577/575/437 624/652/437 579/576/437
f 607/578/462 608/653/462 604/579/462
f 598/581/493 599/654/493 601/582/493
f 610/584/487 611/655/487 581/585/487
f 581/533/462 611/642/462 613/532/462
f 615/563/494 614/565/494 617/564/494
f 616/579/437 620/653/437 619/578/437
f 626/576/462 625/652/462 622/575/462
f 619/566/438 620/568/438 621/567/438
f 615/573/495 619/651/495 618/572/495
f 616/569/488 617/571/488 621/570/488
f 578/590/487 622/656/487 577/591/487
f 624/593/488 625/657/488 626/594/488
f 584/538/496 586/644/496 582/534/496
f 586/596/497 587/658/497 583/597/497
f 612/599/488 582/659/488 583/600/488
f 601/602/498 580/660/498 581/603/498
f 610/605/438 612/661/438 613/606/438
f 597/551/437 588/648/437 592/553/437
f 592/553/437 594/552/437 597/551/437
f 630/609/438 634/662/438 633/610/438
f 634/612/462 632/663/462 631/613/462
f 632/615/440 628/664/440 627/616/440
f 633/618/487 631/665/487 627/619/487
f 630/621/488 628/666/488 632/622/488
f 627/613/437 628/663/437 630/612/437
f 646/667/501 645/668/502 670/669/503
f 645/670/504 648/671/505 641/672/506
f 644/673/507 648/674/508 650/675/509
f 642/676/510 650/675/509 649/677/511
f 680/678/512 643/679/512 652/680/512
f 650/675/509 651/681/513 649/677/511
f 674/682/514 653/683/515 643/684/514
f 677/685/516 672/686/516 647/687/516
f 681/688/517 706/689/517 687/690/517
f 644/673/507 654/691/518 656/692/519
f 636/693/520 656/692/519 655/694/521
f 655/694/521 657/695/522 635/696/523
f 644/673/507 636/693/520 641/697/524
f 716/698/525 676/699/526 685/700/527
f 679/701/528 693/702/528 718/703/528
f 659/704/529 638/705/529 637/706/529
f 658/707/530 637/706/530 636/708/530
f 679/709/531 652/710/531 651/711/531
f 660/712/532 639/713/532 638/705/532
f 664/714/533 663/715/533 640/716/533
f 690/717/534 696/718/535 689/719/536
f 647/720/537 666/721/538 640/722/539
f 688/723/540 695/724/541 691/725/542
f 670/726/543 671/727/543 669/728/543
f 645/729/530 671/730/530 670/731/530
f 668/732/530 666/733/530 670/731/530
f 637/734/544 669/735/545 671/736/546
f 668/737/547 670/726/547 669/728/547
f 694/738/548 672/739/549 696/718/535
f 677/740/550 647/741/551 662/742/552
f 665/743/553 639/744/554 661/745/554
f 660/746/555 659/747/556 663/748/557
f 647/749/558 640/750/558 663/751/558
f 663/752/559 658/753/560 647/741/551
f 658/753/560 662/742/552 647/741/551
f 683/754/561 677/740/550 662/742/552
f 675/755/562 678/756/563 676/757/564
f 686/758/565 690/717/534 689/719/536
f 711/759/566 677/740/550 683/754/561
f 684/760/567 677/761/568 673/762/569
f 683/763/570 658/764/570 655/765/571
f 687/766/572 656/692/519 654/691/518
f 676/699/526 691/725/542 685/700/527
f 677/761/568 691/767/573 690/768/574
f 678/756/563 688/769/575 676/757/564
f 689/770/576 672/686/576 686/771/576
f 718/772/577 692/773/578 688/769/575
f 691/767/573 694/774/579 690/768/574
f 692/773/578 648/671/505 646/775/580
f 695/724/541 646/667/501 667/776/581
f 651/681/513 648/674/508 693/777/582
f 647/720/537 695/778/583 667/779/584
f 649/780/585 652/781/586 643/782/587
f 703/673/588 678/674/589 701/697/590
f 702/676/591 705/675/592 703/673/588
f 705/675/592 704/677/593 679/681/594
f 706/691/595 703/673/588 707/692/596
f 707/692/596 697/693/597 682/694/598
f 682/694/598 657/695/599 707/692/596
f 703/673/588 701/697/590 697/693/597
f 699/783/529 708/784/529 698/785/529
f 698/785/530 683/786/530 697/787/530
f 700/788/532 709/789/532 699/783/532
f 711/790/600 712/791/600 673/792/600
f 716/793/601 715/794/601 717/795/601
f 675/729/530 717/730/530 701/796/530
f 684/733/530 714/732/530 716/731/530
f 717/736/602 715/735/603 698/734/604
f 714/797/605 715/794/605 716/793/605
f 700/798/554 713/799/554 710/800/554
f 711/748/606 709/746/607 713/801/608
f 677/802/609 711/790/609 673/792/609
f 707/692/596 687/766/610 706/691/595
f 678/674/589 679/681/594 718/777/611
f 704/803/612 680/804/613 679/805/614
f 719/806/615 722/807/615 720/808/615
f 727/809/616 743/810/616 744/811/616
f 743/812/617 724/813/617 745/814/617
f 744/815/618 745/816/618 746/817/618
f 732/818/619 735/819/619 728/820/619
f 733/821/620 735/822/620 734/823/620
f 731/824/621 734/823/621 730/825/621
f 734/823/622 732/826/622 733/821/622
f 735/822/623 729/827/623 734/823/623
f 734/823/624 729/827/624 730/825/624
f 729/828/625 731/829/625 730/830/625
f 737/831/626 740/832/626 741/833/626
f 739/834/627 736/835/627 721/836/627
f 722/807/628 738/837/628 720/808/628
f 738/837/629 721/838/629 720/808/629
f 741/839/630 722/807/630 723/840/630
f 737/841/631 723/842/631 719/843/631
f 742/844/632 719/843/632 736/835/632
f 746/845/633 724/846/633 725/847/633
f 725/848/634 744/849/634 746/850/634
f 747/806/635 750/807/635 751/851/635
f 759/819/636 756/818/636 752/820/636
f 757/821/637 759/822/637 752/852/637
f 755/824/638 754/825/638 758/823/638
f 758/823/639 756/826/639 755/824/639
f 759/822/640 758/823/640 753/827/640
f 758/823/641 754/825/641 753/827/641
f 755/829/642 753/828/642 754/830/642
f 751/842/643 761/841/643 747/843/643
f 750/807/644 765/839/644 751/840/644
f 760/835/645 763/834/646 749/836/646
f 761/831/647 764/832/647 762/837/647
f 748/808/648 764/832/648 750/807/648
f 749/838/649 762/837/649 748/808/649
f 747/843/650 766/844/650 760/835/650
f 772/853/651 769/854/652 767/855/653
f 791/856/654 783/857/654 782/858/654
f 808/859/655 782/860/655 775/861/655
f 773/862/656 776/863/657 768/864/658
f 768/864/659 777/865/660 771/866/661
f 770/867/662 771/866/662 777/865/662
f 785/868/663 778/869/663 781/870/663
f 812/871/664 776/872/665 786/873/666
f 792/874/667 774/875/667 770/876/667
f 782/877/668 769/878/669 775/879/670
f 805/880/671 783/881/671 804/882/671
f 775/883/672 769/854/673 772/853/674
f 769/884/675 806/885/675 767/886/675
f 795/887/676 778/888/677 773/889/676
f 806/885/678 773/889/676 767/886/678
f 788/890/663 785/868/663 781/870/663
f 776/872/665 785/868/663 786/873/666
f 780/891/664 812/871/664 789/892/664
f 779/893/666 789/892/664 787/894/666
f 768/895/679 767/855/653 773/896/680
f 775/883/672 768/895/681 771/897/682
f 788/890/663 779/893/666 787/894/666
f 797/898/530 780/899/530 800/900/530
f 798/901/683 781/902/684 778/888/677
f 784/903/685 808/904/685 775/905/685
f 792/874/686 777/906/686 797/907/686
f 794/853/687 806/855/688 805/854/689
f 796/863/690 795/862/691 807/864/692
f 797/865/693 807/864/694 793/866/695
f 792/867/696 797/865/696 793/866/696
f 801/908/697 790/909/697 798/869/697
f 811/910/698 796/911/699 797/912/698
f 808/883/700 794/853/701 805/854/702
f 802/913/697 790/909/697 801/908/697
f 801/908/697 796/911/699 809/873/703
f 811/910/698 800/914/698 803/915/698
f 803/915/698 799/916/703 810/917/703
f 807/895/704 806/855/688 794/853/687
f 774/918/705 793/897/706 784/919/707
f 799/916/703 802/913/697 810/917/703
f 791/877/708 805/878/709 804/920/710
f 719/806/615 721/921/615 736/922/615
f 739/923/626 737/831/626 742/924/626
f 749/921/635 747/806/635 760/922/635
f 761/831/647 763/923/647 766/924/647
f 807/895/711 808/883/700 793/897/706
f 774/918/712 771/897/682 770/925/713
f 698/734/604 715/735/603 699/926/714
f 715/735/603 700/927/715 699/926/714
f 712/928/716 700/927/715 715/735/603
f 637/734/544 638/926/717 669/735/545
f 638/926/717 639/927/718 669/735/545
f 669/735/545 664/928/719 640/929/720
f 642/930/721 653/931/722 654/932/722
f 642/930/721 649/780/585 643/782/587
f 702/933/723 681/934/724 674/935/725
f 704/803/612 702/933/723 674/935/725
f 786/936/666 788/937/663 787/938/666
f 786/936/666 789/939/664 812/940/664
f 809/936/703 803/939/698 810/938/703
f 809/936/703 802/937/697 801/941/697
f 727/942/726 724/943/726 726/944/726
f 670/669/503 666/945/727 667/776/581
f 667/776/581 646/667/501 670/669/503
f 645/670/504 646/775/580 648/671/505
f 644/673/507 641/697/524 648/674/508
f 642/676/510 644/673/507 650/675/509
f 680/678/512 674/946/512 643/679/512
f 674/682/514 681/947/515 653/683/515
f 677/685/516 686/771/516 672/686/516
f 654/948/517 653/949/517 687/690/517
f 653/949/517 681/688/517 687/690/517
f 644/673/507 642/676/510 654/691/518
f 636/693/520 644/673/507 656/692/519
f 655/694/521 656/692/519 657/695/522
f 685/700/527 684/950/728 716/698/525
f 716/698/525 675/951/729 676/699/526
f 679/701/528 651/952/528 693/702/528
f 659/704/529 660/712/529 638/705/529
f 658/707/530 659/704/530 637/706/530
f 679/709/531 680/953/531 652/710/531
f 660/712/532 661/954/532 639/713/532
f 664/714/533 665/743/533 663/715/533
f 690/717/534 694/738/548 696/718/535
f 647/720/537 667/779/584 666/721/538
f 688/723/540 692/955/730 695/724/541
f 645/729/530 641/796/530 671/730/530
f 668/732/530 640/956/530 666/733/530
f 641/697/524 636/693/520 671/736/546
f 636/693/520 637/734/544 671/736/546
f 694/738/548 647/957/731 672/739/549
f 665/743/553 664/714/553 639/744/554
f 659/747/556 658/958/732 663/748/557
f 663/748/557 665/801/733 660/746/555
f 665/801/733 661/959/734 660/746/555
f 675/755/562 701/960/735 678/756/563
f 686/758/565 677/961/736 690/717/534
f 684/760/567 685/962/737 677/761/568
f 655/765/571 635/963/738 682/964/571
f 682/964/571 697/965/739 683/763/570
f 683/763/570 662/966/740 658/764/570
f 658/764/570 636/967/741 655/765/571
f 655/765/571 682/964/571 683/763/570
f 687/766/572 657/695/522 656/692/519
f 676/699/526 688/723/540 691/725/542
f 677/761/568 685/962/737 691/767/573
f 678/756/563 718/772/577 688/769/575
f 689/770/576 696/968/576 672/686/576
f 718/772/577 693/969/742 692/773/578
f 691/767/573 695/778/583 694/774/579
f 692/773/578 693/969/742 648/671/505
f 695/724/541 692/955/730 646/667/501
f 651/681/513 650/675/509 648/674/508
f 647/720/537 694/774/579 695/778/583
f 649/780/585 651/970/743 652/781/586
f 703/673/588 705/675/592 678/674/589
f 702/676/591 704/677/593 705/675/592
f 706/691/595 702/676/591 703/673/588
f 707/692/596 703/673/588 697/693/597
f 682/694/598 635/696/744 657/695/599
f 699/783/529 709/789/529 708/784/529
f 698/785/530 708/784/530 683/786/530
f 700/788/532 710/971/532 709/789/532
f 711/790/600 713/799/600 712/791/600
f 675/729/530 716/731/530 717/730/530
f 684/733/530 673/956/530 714/732/530
f 698/734/604 697/693/597 717/736/602
f 697/693/597 701/697/590 717/736/602
f 700/798/554 712/791/554 713/799/554
f 711/748/606 683/958/745 708/747/746
f 708/747/746 709/746/607 711/748/606
f 709/746/607 710/959/747 713/801/608
f 707/692/596 657/695/599 687/766/610
f 678/674/589 705/675/592 679/681/594
f 704/803/612 674/935/725 680/804/613
f 719/806/615 723/851/615 722/807/615
f 727/809/616 726/972/616 743/810/616
f 743/812/617 726/973/748 724/813/617
f 744/815/618 743/974/618 745/816/618
f 732/818/619 731/829/619 735/819/619
f 733/821/620 728/852/620 735/822/620
f 734/823/622 731/824/622 732/826/622
f 729/828/625 735/819/625 731/829/625
f 737/831/626 738/837/626 740/832/626
f 739/834/627 742/844/627 736/835/627
f 722/807/628 740/832/628 738/837/628
f 738/837/629 739/975/629 721/838/629
f 741/839/630 740/832/630 722/807/630
f 737/841/631 741/976/631 723/842/631
f 742/844/632 737/841/749 719/843/632
f 746/845/633 745/977/633 724/846/633
f 725/848/634 727/978/634 744/849/634
f 747/806/635 748/808/635 750/807/635
f 759/819/636 755/829/636 756/818/636
f 757/821/750 758/823/750 759/822/750
f 758/823/639 757/821/639 756/826/639
f 755/829/642 759/819/642 753/828/642
f 751/842/643 765/976/643 761/841/643
f 750/807/644 764/832/644 765/839/644
f 760/835/645 766/844/645 763/834/646
f 761/831/647 765/833/647 764/832/647
f 748/808/648 762/837/648 764/832/648
f 749/838/649 763/975/649 762/837/649
f 747/843/650 761/841/751 766/844/650
f 791/856/654 804/979/654 783/857/654
f 808/859/655 791/980/655 782/860/655
f 773/862/656 778/981/752 776/863/657
f 768/864/659 776/863/753 777/865/660
f 812/871/664 777/982/664 776/872/665
f 782/877/668 783/920/754 769/878/669
f 805/880/671 769/983/671 783/881/671
f 769/884/675 805/984/675 806/885/675
f 795/887/676 798/901/683 778/888/677
f 806/885/678 795/887/676 773/889/676
f 776/872/665 778/869/663 785/868/663
f 780/891/664 777/982/664 812/871/664
f 779/893/666 780/891/664 789/892/664
f 768/895/679 772/853/651 767/855/653
f 771/897/682 784/919/755 775/883/672
f 775/883/672 772/853/674 768/895/681
f 788/890/663 781/870/663 779/893/666
f 797/898/530 777/985/530 780/899/530
f 798/901/756 790/986/684 781/902/684
f 792/874/686 770/876/686 777/906/686
f 796/863/690 798/981/757 795/862/691
f 797/865/693 796/863/758 807/864/694
f 811/910/698 809/873/703 796/911/699
f 801/908/697 798/869/697 796/911/699
f 811/910/698 797/912/698 800/914/698
f 803/915/698 800/914/698 799/916/703
f 807/895/704 795/896/759 806/855/688
f 774/918/705 792/925/760 793/897/706
f 799/916/703 790/909/697 802/913/697
f 791/877/708 808/879/761 805/878/709
f 719/806/615 720/808/615 721/921/615
f 739/923/626 738/837/626 737/831/626
f 749/921/635 748/808/635 747/806/635
f 761/831/647 762/837/647 763/923/647
f 794/853/701 808/883/700 807/895/711
f 808/883/700 784/919/707 793/897/706
f 774/918/712 784/919/755 771/897/682
f 715/735/603 714/987/762 673/929/763
f 673/929/763 712/928/716 715/735/603
f 640/929/720 668/987/764 669/735/545
f 669/735/545 639/927/718 664/928/719
f 642/930/721 643/782/587 653/931/722
f 702/933/723 706/988/724 681/934/724
f 786/936/666 785/941/663 788/937/663
f 786/936/666 787/938/666 789/939/664
f 809/936/703 811/940/698 803/939/698
f 809/936/703 810/938/703 802/937/697
f 727/942/726 725/989/726 724/943/726
f 819/990/765 837/991/765 820/992/765
f 827/993/766 836/994/766 823/995/766
f 829/996/767 828/997/767 825/998/767
f 834/999/768 817/1000/768 814/1001/769
f 815/1002/770 834/1003/770 832/1004/770
f 835/1005/771 818/1006/771 816/1007/772
f 830/1008/767 831/1009/767 821/1010/767
f 818/1011/773 835/1012/773 821/1013/773
f 826/1014/774 828/1015/774 833/1016/774
f 835/1017/775 828/1015/775 830/1018/775
f 833/1019/776 825/1020/776 826/1021/776
f 818/1017/777 829/1015/777 816/1016/777
f 834/1022/778 823/1023/778 825/1024/778
f 813/1023/779 814/1025/779 817/1022/779
f 824/1014/780 816/1016/780 829/1015/780
f 835/1017/781 830/1018/781 821/1026/781
f 818/1017/782 821/1026/782 831/1018/782
f 816/1019/783 822/1020/783 815/1027/783
f 814/993/784 819/994/784 820/1028/784
f 819/990/765 836/1029/765 837/991/765
f 827/993/766 837/1028/766 836/994/766
f 823/1030/767 836/1029/767 819/990/767
f 819/990/767 813/1031/767 823/1030/767
f 813/1031/767 822/1032/767 825/998/767
f 822/1032/767 824/1033/767 829/996/767
f 829/996/767 831/1009/767 830/1008/767
f 828/997/767 826/1034/767 825/998/767
f 829/996/767 830/1008/767 828/997/767
f 813/1031/767 825/998/767 823/1030/767
f 822/1032/767 829/996/767 825/998/767
f 814/1001/769 820/1035/785 837/1036/785
f 837/1036/785 827/1037/769 814/1001/769
f 827/1037/769 834/999/768 814/1001/769
f 815/1002/770 817/1038/770 834/1003/770
f 816/1007/772 815/1039/786 832/1040/786
f 832/1040/786 833/1041/772 816/1007/772
f 833/1041/772 835/1005/771 816/1007/772
f 835/1017/775 833/1016/775 828/1015/775
f 833/1019/776 832/1027/776 825/1020/776
f 818/1017/777 831/1018/777 829/1015/777
f 825/1024/778 832/1042/778 834/1022/778
f 834/1022/778 827/1025/778 823/1023/778
f 817/1022/779 815/1042/779 822/1024/779
f 822/1024/779 813/1023/779 817/1022/779
f 816/1019/783 824/1021/783 822/1020/783
f 814/993/784 813/995/784 819/994/784
f 928/1043/787 838/1044/787 926/1045/787
f 929/1046/788 928/1047/788 930/1048/788
f 927/1049/789 929/1050/789 930/1051/789
f 848/1052/790 925/1053/790 847/1054/790
f 850/1055/791 845/1056/791 849/1057/791
f 925/1058/740 845/1059/740 847/1060/740
f 848/1061/667 850/1062/667 851/1063/667
f 905/1064/792 869/1065/792 906/1066/792
f 864/1067/793 862/1068/793 881/1069/793
f 857/1070/794 874/1071/794 855/1072/794
f 863/1073/795 874/1074/795 857/1075/795
f 951/1076/796 860/1077/796 859/1078/796
f 861/1079/796 856/1080/796 855/1081/796
f 880/1082/797 888/1083/797 878/1084/797
f 865/1085/793 905/1086/793 867/1087/793
f 975/1088/796 894/1089/796 893/1090/796
f 872/1091/798 852/1092/798 841/1093/798
f 976/1094/799 916/1095/799 975/1096/799
f 843/1097/800 893/1098/800 841/1099/800
f 977/1100/801 974/1101/801 971/1102/801
f 843/1103/794 841/1104/794 852/1105/794
f 894/1106/800 979/1107/800 842/1108/800
f 875/1109/802 963/1110/802 852/1092/802
f 876/1109/803 964/1110/803 974/1111/803
f 853/1092/804 877/1091/804 842/1093/804
f 893/1098/800 894/1106/800 872/1112/800
f 978/1113/805 971/1114/805 973/1115/805
f 978/1116/799 916/1095/799 976/1094/799
f 883/1117/800 884/1118/800 885/1119/800
f 888/1120/794 884/1121/794 889/1122/794
f 873/1123/806 855/1081/806 874/1074/806
f 885/1124/794 888/1120/794 887/1125/794
f 961/1126/807 885/1119/807 887/1127/807
f 951/1128/808 858/1129/808 856/1130/808
f 977/1131/809 976/1132/809 966/1133/809
f 915/1134/793 968/1135/793 853/1105/793
f 838/1136/810 927/1137/810 926/1138/810
f 897/1139/792 901/1140/792 935/1141/792
f 933/1142/811 935/1141/811 934/1143/811
f 913/1144/812 844/1145/812 907/1146/812
f 899/1147/800 931/1148/800 898/1149/800
f 921/1150/794 868/1151/794 902/1152/794
f 922/1153/813 918/1154/814 917/1155/814
f 868/1154/814 920/1153/814 867/1155/814
f 924/1150/793 918/1151/793 903/1156/793
f 869/1157/815 865/1158/815 904/1159/815
f 909/1160/816 911/1161/816 946/1162/816
f 939/1163/816 909/1160/816 946/1162/816
f 942/1164/817 910/1165/817 911/1166/817
f 890/1167/818 938/1168/818 891/1169/818
f 856/1080/796 954/1170/796 951/1076/796
f 889/1171/819 886/1172/819 954/1170/819
f 882/1173/792 889/1174/792 884/1118/792
f 878/1084/820 889/1171/800 864/1175/800
f 917/1087/794 906/1086/794 869/1085/794
f 844/1176/821 899/1177/821 932/1178/821
f 844/1179/792 912/1180/792 931/1148/792
f 913/1181/822 912/1182/822 950/1183/822
f 916/1132/823 971/1131/823 974/1133/823
f 904/1184/824 868/1185/824 918/1186/824
f 921/1187/825 920/1188/825 919/1189/825
f 922/1188/825 924/1187/825 903/1189/825
f 845/1190/826 848/1191/826 847/1192/826
f 925/1192/827 850/1193/827 849/1190/827
f 930/1194/828 926/1195/828 927/1196/828
f 838/1195/829 929/1194/829 839/1196/829
f 933/1143/830 937/1197/830 932/1198/830
f 899/1177/831 936/1199/832 932/1178/831
f 939/1200/793 940/1201/793 892/1202/793
f 938/1200/794 943/1201/794 891/1203/794
f 909/1204/817 940/1201/817 944/1205/817
f 943/1201/817 946/1204/817 945/1205/817
f 910/1206/833 946/1204/833 911/1207/833
f 941/1206/834 909/1204/834 944/1205/834
f 896/1199/835 898/1177/835 947/1178/835
f 931/1176/836 947/1178/836 898/1177/836
f 931/1145/837 914/1144/837 948/1146/837
f 935/1141/838 896/1208/838 947/1198/838
f 960/1209/808 961/1210/808 887/1211/808
f 960/1069/794 955/1212/794 860/1213/794
f 859/1072/793 952/1070/793 953/1129/793
f 958/1074/795 955/1073/795 952/1075/795
f 962/1083/797 879/1082/797 959/1084/797
f 882/1121/793 962/1120/793 886/1122/793
f 859/1081/806 957/1123/806 958/1074/806
f 883/1124/793 961/1125/793 962/1120/793
f 886/1171/800 959/1084/800 956/1175/800
f 972/1214/839 979/1215/839 870/1216/839
f 967/1214/840 843/1215/840 871/1217/840
f 916/1218/841 964/1219/841 969/1220/841
f 963/1219/842 976/1218/842 854/1220/842
f 975/1221/843 871/1222/843 965/1223/843
f 895/1221/843 915/1222/843 972/1224/843
f 928/1043/787 840/1225/787 838/1044/787
f 929/1046/788 840/1226/788 928/1047/788
f 927/1049/789 839/1227/789 929/1050/789
f 848/1052/790 851/1228/790 925/1053/790
f 850/1055/791 846/1229/791 845/1056/791
f 925/1058/740 849/1230/740 845/1059/740
f 848/1061/667 846/1231/667 850/1062/667
f 905/1064/792 865/1232/792 869/1065/792
f 862/1068/793 861/1213/793 881/1069/793
f 861/1213/793 873/1233/793 863/1212/793
f 881/1069/793 861/1213/793 863/1212/793
f 881/1069/793 880/1234/793 878/1235/793
f 878/1235/793 864/1067/793 881/1069/793
f 855/1072/794 856/1130/794 858/1129/794
f 858/1129/794 857/1070/794 855/1072/794
f 863/1073/795 873/1123/795 874/1074/795
f 951/1076/796 954/1170/796 860/1077/796
f 861/1079/796 862/1236/796 856/1080/796
f 880/1082/797 887/1237/797 888/1083/797
f 920/1238/793 866/1239/793 867/1087/793
f 866/1239/793 865/1085/793 867/1087/793
f 975/1088/796 895/1240/796 894/1089/796
f 872/1091/798 875/1109/798 852/1092/798
f 916/1095/799 969/1241/799 895/1242/799
f 969/1241/799 968/1243/799 895/1242/799
f 895/1242/799 975/1096/799 916/1095/799
f 975/1096/799 965/1244/799 854/1245/799
f 854/1245/799 976/1094/799 975/1096/799
f 843/1097/800 970/1246/800 893/1098/800
f 977/1100/801 966/1247/801 974/1101/801
f 852/1105/794 963/1248/794 965/1135/794
f 963/1248/794 854/1249/794 965/1135/794
f 965/1135/794 871/1134/794 852/1105/794
f 871/1134/794 843/1103/794 852/1105/794
f 894/1106/800 870/1250/800 979/1107/800
f 875/1109/802 966/1111/802 963/1110/802
f 876/1109/803 853/1092/803 964/1110/803
f 853/1092/804 876/1109/804 877/1091/804
f 842/1108/800 877/1251/800 894/1106/800
f 877/1251/800 872/1112/800 894/1106/800
f 872/1112/800 841/1099/800 893/1098/800
f 978/1113/805 977/1252/805 971/1114/805
f 978/1116/799 973/1253/799 916/1095/799
f 883/1117/800 882/1173/800 884/1118/800
f 888/1120/794 885/1124/794 884/1121/794
f 873/1123/806 861/1079/806 855/1081/806
f 961/1126/807 883/1117/807 885/1119/807
f 951/1128/808 953/1254/808 858/1129/808
f 977/1131/809 978/1255/809 976/1132/809
f 969/1249/793 964/1248/793 968/1135/793
f 964/1248/793 853/1105/793 968/1135/793
f 853/1105/793 842/1104/793 979/1103/793
f 979/1103/793 915/1134/793 853/1105/793
f 838/1136/810 839/1256/810 927/1137/810
f 897/1139/792 936/1257/792 900/1258/792
f 900/1258/792 901/1140/792 897/1139/792
f 901/1140/792 896/1259/792 935/1141/792
f 933/1142/811 897/1139/811 935/1141/811
f 913/1144/812 950/1260/812 844/1145/812
f 899/1147/800 844/1179/820 931/1148/800
f 898/1149/800 901/1261/800 899/1147/800
f 901/1261/800 900/1262/800 899/1147/800
f 921/1150/794 919/1156/794 868/1151/794
f 922/1153/813 903/1263/813 918/1154/814
f 868/1154/814 919/1263/814 920/1153/814
f 924/1150/793 904/1152/793 918/1151/793
f 865/1158/815 866/1264/815 902/1265/815
f 866/1264/815 921/1266/815 902/1265/815
f 924/1267/815 923/1268/815 904/1159/815
f 923/1268/815 869/1157/815 904/1159/815
f 865/1158/815 902/1265/815 904/1159/815
f 909/1160/816 942/1269/816 911/1161/816
f 908/1270/816 938/1271/816 946/1162/816
f 938/1271/816 939/1163/816 946/1162/816
f 939/1163/816 892/1272/816 909/1160/816
f 942/1164/817 941/1273/817 910/1165/817
f 890/1167/818 939/1274/818 938/1168/818
f 856/1080/796 862/1236/796 954/1170/796
f 886/1172/819 956/1275/819 954/1170/819
f 954/1170/819 862/1236/819 889/1171/819
f 862/1236/819 864/1175/819 889/1171/819
f 882/1173/792 886/1276/792 889/1174/792
f 878/1084/820 888/1083/820 889/1171/800
f 869/1085/794 923/1239/794 917/1087/794
f 923/1239/794 922/1238/794 917/1087/794
f 844/1179/792 950/1277/792 912/1180/792
f 913/1181/822 914/1278/822 912/1182/822
f 916/1132/823 973/1255/823 971/1131/823
f 904/1184/824 902/1279/824 868/1185/824
f 921/1187/825 866/1280/825 920/1188/825
f 922/1188/825 923/1280/825 924/1187/825
f 845/1190/826 846/1193/826 848/1191/826
f 925/1192/827 851/1191/827 850/1193/827
f 930/1194/828 928/1281/828 926/1195/828
f 838/1195/829 840/1281/829 929/1194/829
f 907/1282/830 844/1283/830 937/1197/830
f 844/1283/830 932/1198/830 937/1197/830
f 932/1198/830 936/1208/830 897/1141/830
f 897/1141/830 933/1143/830 932/1198/830
f 899/1177/831 900/1284/832 936/1199/832
f 939/1200/793 890/1203/793 940/1201/793
f 938/1200/794 908/1202/794 943/1201/794
f 909/1204/817 892/1202/817 940/1201/817
f 943/1201/817 908/1202/817 946/1204/817
f 910/1206/833 945/1205/833 946/1204/833
f 941/1206/834 942/1207/834 909/1204/834
f 896/1199/835 901/1284/835 898/1177/835
f 931/1145/837 912/1260/837 914/1144/837
f 947/1198/838 931/1283/838 949/1197/838
f 931/1283/838 948/1282/838 949/1197/838
f 949/1197/838 934/1143/838 947/1198/838
f 934/1143/838 935/1141/838 947/1198/838
f 880/1285/844 881/1286/808 887/1211/808
f 881/1286/808 960/1209/808 887/1211/808
f 960/1209/808 879/1287/808 961/1210/808
f 957/1233/794 860/1213/794 955/1212/794
f 860/1213/794 954/1068/794 960/1069/794
f 954/1068/794 956/1067/794 960/1069/794
f 956/1067/794 959/1235/794 960/1069/794
f 959/1235/794 879/1234/794 960/1069/794
f 953/1129/793 951/1130/793 859/1072/793
f 859/1072/793 958/1071/793 952/1070/793
f 958/1074/795 957/1123/795 955/1073/795
f 962/1083/797 961/1237/797 879/1082/797
f 882/1121/793 883/1124/793 962/1120/793
f 859/1081/806 860/1079/806 957/1123/806
f 886/1171/800 962/1083/800 959/1084/800
f 972/1214/839 915/1217/839 979/1215/839
f 967/1214/840 970/1216/840 843/1215/840
f 916/1218/841 974/1288/841 964/1219/841
f 963/1219/842 966/1288/842 976/1218/842
f 975/1221/843 967/1224/843 871/1222/843
f 895/1221/843 968/1223/843 915/1222/843
usemtl OOTORI
f 1005/1289/845 989/1290/845 988/1291/845
f 980/1292/846 989/1293/846 982/1294/846
f 988/1295/847 987/1296/847 985/1297/847
f 991/1298/848 987/1296/848 990/1299/848
f 989/1293/849 986/1300/850 991/1298/850
f 984/1301/851 1007/1302/851 985/1303/851
f 1029/1304/852 1026/1305/852 1025/1306/852
f 996/1307/853 998/1308/853 999/1309/853
f 992/1310/854 997/1311/854 996/1312/854
f 995/1313/855 993/1314/855 992/1315/855
f 997/1316/851 994/1317/851 998/1318/851
f 985/1319/856 1000/1320/856 988/1321/856
f 1008/1322/851 981/1323/851 1001/1324/851
f 1002/1325/857 1004/1326/857 983/1327/857
f 980/1328/858 1005/1329/858 1007/1330/858
f 1001/1331/856 983/1327/856 1000/1320/856
f 1004/1332/859 1003/1333/859 1009/1334/859
f 1009/1335/860 1007/1302/860 1006/1336/860
f 1005/1329/858 1006/1337/858 1007/1330/858
f 1009/1335/860 1002/1338/860 1008/1322/860
f 1010/1339/845 983/1340/845 1004/1332/845
f 1036/1289/861 1019/1291/861 1020/1290/861
f 1013/1294/862 1015/1341/862 1011/1292/862
f 1019/1295/863 1018/1296/863 1021/1299/863
f 1018/1296/864 1022/1298/864 1021/1299/864
f 1017/1300/865 1020/1293/865 1022/1298/865
f 1038/1302/866 1015/1301/866 1016/1303/866
f 1029/1308/867 1027/1307/867 1030/1309/867
f 1028/1311/868 1023/1310/868 1027/1312/868
f 1026/1313/869 1024/1314/869 1025/1342/869
f 1028/1316/866 1025/1317/866 1024/1343/866
f 1016/1319/870 1031/1320/870 1032/1331/870
f 1039/1322/866 1012/1323/866 1033/1338/866
f 1035/1326/871 1034/1344/871 1033/1325/871
f 1036/1329/872 1011/1328/872 1038/1330/872
f 1014/1327/870 1032/1331/870 1031/1320/870
f 1040/1334/873 1035/1332/873 1041/1339/873
f 1038/1302/874 1040/1335/874 1037/1336/874
f 1036/1329/872 1038/1330/872 1037/1337/872
f 1033/1338/874 1040/1335/874 1039/1322/874
f 1041/1339/861 1014/1340/861 1031/1345/861
f 998/1304/875 995/1305/875 999/1346/875
f 1067/1289/866 1050/1291/866 1051/1290/866
f 1044/1294/876 1046/1341/877 1042/1292/876
f 1047/1297/878 1052/1299/878 1050/1295/878
f 1049/1296/879 1053/1298/879 1052/1299/879
f 1048/1300/880 1051/1293/880 1053/1298/880
f 1069/1302/861 1046/1301/861 1047/1303/861
f 1091/1304/881 1088/1305/881 1092/1346/881
f 1060/1308/882 1058/1307/882 1061/1309/882
f 1059/1311/883 1054/1310/883 1058/1312/883
f 1057/1313/884 1055/1314/884 1056/1342/884
f 1056/1317/861 1059/1316/861 1060/1318/861
f 1047/1319/885 1062/1320/885 1063/1331/885
f 1070/1322/861 1043/1323/861 1064/1338/861
f 1066/1326/886 1065/1344/886 1064/1325/886
f 1067/1329/887 1042/1328/887 1069/1330/887
f 1045/1327/885 1063/1331/885 1062/1320/885
f 1072/1339/888 1071/1334/888 1066/1332/888
f 1069/1302/889 1071/1335/889 1068/1336/889
f 1067/1329/887 1069/1330/887 1068/1337/887
f 1064/1338/889 1071/1335/889 1070/1322/889
f 1072/1339/866 1045/1340/866 1062/1345/866
f 1098/1289/851 1082/1290/851 1081/1291/851
f 1077/1341/890 1075/1294/890 1073/1292/890
f 1081/1295/891 1080/1296/891 1078/1297/891
f 1084/1298/892 1080/1296/892 1083/1299/892
f 1082/1293/893 1079/1300/893 1084/1298/893
f 1077/1301/845 1100/1302/845 1078/1303/845
f 1089/1307/894 1091/1308/894 1092/1309/894
f 1090/1311/895 1085/1310/895 1086/1347/895
f 1088/1313/896 1086/1314/896 1085/1315/896
f 1090/1316/845 1087/1317/845 1091/1318/845
f 1078/1319/897 1093/1320/897 1081/1321/897
f 1101/1322/845 1074/1323/845 1094/1324/845
f 1095/1325/898 1096/1344/898 1097/1326/898
f 1073/1328/899 1098/1329/899 1100/1330/899
f 1094/1331/897 1076/1327/897 1093/1320/897
f 1097/1332/900 1096/1333/900 1102/1334/900
f 1102/1335/901 1100/1302/901 1099/1336/901
f 1098/1329/899 1099/1337/899 1100/1330/899
f 1102/1335/901 1095/1338/901 1101/1322/901
f 1103/1339/851 1076/1340/851 1097/1332/851
f 1057/1305/902 1060/1304/902 1061/1346/902
f 1124/1348/903 1107/1349/903 1123/1350/903
f 1107/1349/903 1105/1351/903 1104/1352/903
f 1116/1353/904 1108/1354/904 1109/1355/904
f 1105/1351/903 1109/1356/903 1104/1352/903
f 1115/1357/905 1120/1358/905 1108/1359/905
f 1114/1360/906 1119/1361/907 1110/1362/908
f 1110/1362/908 1112/1363/909 1117/1364/910
f 1114/1360/906 1110/1362/908 1117/1364/910
f 1112/1363/909 1119/1361/907 1118/1365/911
f 1120/1366/912 1118/1365/911 1119/1361/907
f 1121/1367/913 1124/1348/913 1123/1350/913
f 1111/1368/914 1114/1369/905 1117/1370/915
f 1106/1371/916 1112/1372/916 1105/1373/916
f 1118/1374/917 1115/1375/917 1116/1376/917
f 1124/1377/793 1113/1378/793 1106/1379/793
f 1107/1371/918 1114/1372/918 1111/1380/919
f 1109/1376/920 1108/1375/920 1120/1374/920
f 1123/1377/794 1111/1378/794 1121/1381/794
f 1140/1382/921 1137/1383/808 1132/1384/922
f 1139/1385/923 1132/1386/924 1131/1387/925
f 1135/1388/800 1126/1389/800 1129/1390/800
f 1134/1391/926 1137/1383/808 1136/1392/927
f 1128/1393/928 1137/1383/808 1140/1382/921
f 1132/1386/924 1133/1394/861 1131/1387/925
f 1127/1395/929 1137/1383/808 1128/1393/928
f 1128/1396/930 1139/1385/923 1129/1397/930
f 1132/1384/922 1137/1383/808 1134/1391/926
f 1134/1398/861 1135/1399/931 1133/1394/861
f 1136/1392/927 1137/1383/808 1127/1400/929
f 1125/1385/932 1144/1386/866 1142/1387/866
f 1144/1386/866 1130/1394/923 1142/1387/866
f 1150/1396/887 1125/1385/932 1126/1397/887
f 1145/1398/923 1129/1399/872 1130/1394/923
f 1151/1398/933 1126/1399/934 1141/1394/933
f 1136/1396/935 1138/1385/861 1135/1397/935
f 1143/1387/936 1151/1398/933 1141/1394/933
f 1138/1385/861 1152/1386/936 1143/1387/936
f 1147/1382/937 1146/1383/808 1144/1384/938
f 1145/1391/921 1146/1383/808 1128/1392/922
f 1150/1393/927 1146/1383/808 1147/1382/937
f 1127/1395/926 1146/1383/808 1150/1393/927
f 1144/1384/938 1146/1383/808 1145/1391/921
f 1128/1392/922 1146/1383/808 1127/1400/926
f 1150/1392/938 1149/1383/808 1127/1400/921
f 1152/1384/927 1149/1383/808 1151/1391/937
f 1127/1395/921 1149/1383/808 1136/1393/922
f 1136/1393/922 1149/1383/808 1148/1382/926
f 1151/1391/937 1149/1383/808 1150/1392/938
f 1148/1382/926 1149/1383/808 1152/1384/927
f 1169/1393/922 1156/1383/808 1157/1382/926
f 1154/1398/933 1179/1399/939 1164/1394/933
f 1153/1384/927 1156/1383/808 1154/1391/937
f 1173/1384/922 1168/1383/808 1171/1391/926
f 1169/1392/927 1168/1383/808 1178/1400/937
f 1161/1386/866 1175/1394/923 1163/1387/866
f 1178/1395/921 1156/1383/808 1169/1393/922
f 1154/1391/937 1156/1383/808 1155/1392/928
f 1178/1395/937 1168/1383/808 1177/1393/928
f 1165/1382/921 1168/1383/808 1173/1384/922
f 1158/1382/937 1159/1383/808 1161/1384/938
f 1160/1391/921 1159/1383/808 1177/1392/922
f 1177/1392/922 1159/1383/808 1178/1400/926
f 1173/1386/925 1172/1394/861 1174/1387/925
f 1177/1393/928 1168/1383/808 1165/1382/921
f 1155/1396/887 1180/1385/933 1179/1397/887
f 1180/1385/933 1161/1386/866 1163/1387/866
f 1155/1393/927 1159/1383/808 1158/1382/937
f 1157/1382/926 1156/1383/808 1153/1384/927
f 1169/1396/940 1167/1385/861 1170/1397/935
f 1170/1388/800 1179/1389/800 1176/1390/800
f 1160/1398/923 1176/1399/872 1175/1394/923
f 1153/1386/936 1164/1394/933 1162/1387/936
f 1171/1398/861 1170/1399/931 1172/1394/861
f 1167/1385/861 1153/1386/936 1162/1387/936
f 1176/1397/930 1165/1401/923 1166/1385/923
f 1178/1395/926 1159/1383/808 1155/1393/927
f 1155/1392/928 1156/1383/808 1178/1400/921
f 1166/1385/923 1173/1386/925 1174/1387/925
f 1161/1384/938 1159/1383/808 1160/1391/921
f 1171/1391/926 1168/1383/808 1169/1392/927
f 1191/1402/941 1193/1403/942 1181/1404/800
f 1190/1405/943 1188/1406/944 1182/1407/808
f 1184/1408/861 1185/1409/936 1183/1410/861
f 1193/1403/942 1183/1411/945 1181/1404/800
f 1192/1412/946 1190/1405/943 1182/1407/808
f 1186/1413/936 1187/1414/932 1185/1409/936
f 1187/1415/947 1189/1416/948 1181/1404/800
f 1194/1417/949 1192/1412/946 1182/1407/808
f 1187/1414/932 1190/1418/866 1189/1419/866
f 1185/1420/950 1187/1415/947 1181/1404/800
f 1184/1421/951 1194/1417/949 1182/1407/808
f 1190/1418/866 1191/1422/923 1189/1419/866
f 1183/1423/945 1185/1420/950 1181/1404/800
f 1186/1424/952 1184/1425/951 1182/1407/808
f 1192/1426/923 1193/1427/925 1191/1422/923
f 1189/1416/948 1191/1402/941 1181/1404/800
f 1188/1406/944 1186/1424/952 1182/1407/808
f 1194/1428/925 1183/1429/861 1193/1427/925
f 1210/1382/953 1202/1384/954 1207/1383/808
f 1209/1385/955 1202/1386/956 1210/1401/957
f 1199/1390/800 1196/1389/800 1205/1388/800
f 1204/1391/958 1206/1392/959 1207/1383/808
f 1198/1393/960 1210/1382/953 1207/1383/808
f 1203/1394/851 1202/1386/956 1201/1387/961
f 1197/1395/962 1198/1393/960 1207/1383/808
f 1209/1385/955 1198/1396/963 1199/1397/963
f 1202/1384/954 1204/1391/958 1207/1383/808
f 1205/1399/964 1204/1398/851 1203/1394/851
f 1206/1392/959 1197/1400/962 1207/1383/808
f 1195/1385/965 1214/1386/845 1217/1401/965
f 1200/1394/955 1214/1386/845 1212/1387/845
f 1195/1385/965 1220/1396/858 1196/1397/858
f 1199/1399/899 1215/1398/957 1200/1394/955
f 1196/1399/966 1221/1398/965 1211/1394/965
f 1208/1385/851 1206/1396/967 1205/1397/967
f 1211/1394/965 1222/1386/968 1213/1387/969
f 1208/1385/851 1222/1386/968 1218/1401/851
f 1217/1382/962 1214/1384/960 1216/1383/808
f 1215/1391/953 1198/1392/954 1216/1383/808
f 1220/1393/959 1217/1382/962 1216/1383/808
f 1197/1395/958 1220/1393/959 1216/1383/808
f 1214/1384/960 1215/1391/953 1216/1383/808
f 1198/1392/954 1197/1400/958 1216/1383/808
f 1220/1392/960 1197/1400/953 1219/1383/808
f 1222/1384/959 1221/1391/962 1219/1383/808
f 1197/1395/953 1206/1393/954 1219/1383/808
f 1206/1393/954 1218/1382/958 1219/1383/808
f 1221/1391/962 1220/1392/960 1219/1383/808
f 1218/1382/958 1222/1384/959 1219/1383/808
f 1239/1393/954 1227/1382/958 1226/1383/808
f 1249/1399/966 1224/1398/965 1234/1394/970
f 1223/1384/959 1224/1391/962 1226/1383/808
f 1243/1384/954 1241/1391/958 1238/1383/808
f 1239/1392/959 1248/1400/962 1238/1383/808
f 1245/1394/955 1231/1386/845 1233/1387/845
f 1248/1395/953 1239/1393/954 1226/1383/808
f 1224/1391/962 1225/1392/960 1226/1383/808
f 1248/1395/962 1247/1393/960 1238/1383/808
f 1235/1382/953 1243/1384/954 1238/1383/808
f 1228/1382/962 1231/1384/960 1229/1383/808
f 1230/1391/953 1247/1392/971 1229/1383/808
f 1247/1392/971 1248/1400/958 1229/1383/808
f 1242/1394/851 1243/1386/956 1244/1387/972
f 1247/1393/960 1235/1382/953 1238/1383/808
f 1250/1385/973 1225/1396/858 1249/1397/858
f 1250/1385/973 1231/1386/845 1228/1401/965
f 1225/1393/959 1228/1382/962 1229/1383/808
f 1227/1382/958 1223/1384/959 1226/1383/808
f 1237/1385/851 1239/1396/967 1240/1397/967
f 1246/1390/800 1249/1389/800 1240/1388/800
f 1246/1399/899 1230/1398/957 1245/1394/955
f 1234/1394/970 1223/1386/968 1232/1387/968
f 1240/1399/964 1241/1398/851 1242/1394/851
f 1237/1385/851 1223/1386/968 1227/1401/851
f 1236/1385/957 1247/1396/963 1246/1397/963
f 1248/1395/958 1225/1393/959 1229/1383/808
f 1225/1392/960 1248/1400/953 1226/1383/808
f 1236/1385/957 1243/1386/956 1235/1401/955
f 1231/1384/960 1230/1391/953 1229/1383/808
f 1241/1391/958 1239/1392/959 1238/1383/808
f 1261/1402/974 1251/1404/800 1263/1403/975
f 1260/1405/976 1252/1407/808 1258/1406/977
f 1255/1409/968 1254/1408/851 1253/1410/851
f 1263/1403/975 1251/1404/800 1253/1411/978
f 1262/1412/979 1252/1407/808 1260/1405/976
f 1257/1414/973 1256/1413/968 1255/1409/968
f 1257/1415/980 1251/1404/800 1259/1416/981
f 1264/1417/982 1252/1407/808 1262/1412/979
f 1257/1414/973 1260/1418/845 1258/1430/973
f 1255/1420/983 1251/1404/800 1257/1415/980
f 1254/1421/984 1252/1407/808 1264/1417/982
f 1261/1422/957 1260/1418/845 1259/1419/845
f 1253/1423/978 1251/1404/800 1255/1420/983
f 1256/1424/985 1252/1407/808 1254/1425/984
f 1263/1427/972 1262/1426/957 1261/1422/957
f 1259/1416/981 1251/1404/800 1261/1402/974
f 1258/1406/977 1252/1407/808 1256/1424/985
f 1253/1429/851 1264/1428/972 1263/1427/972
f 1268/1431/800 1271/1432/800 1267/1433/800
f 1266/1434/794 1267/1435/794 1265/1436/794
f 1270/1437/808 1265/1438/808 1269/1439/808
f 1272/1440/793 1269/1436/793 1271/1435/793
f 1271/1441/792 1265/1442/792 1267/1443/792
f 1275/1444/792 1274/1445/792 1273/1446/792
f 1277/1447/794 1273/1448/794 1274/1449/794
f 1280/1450/800 1273/1451/800 1279/1452/800
f 1275/1448/793 1278/1447/793 1276/1449/793
f 1280/1453/796 1277/1454/796 1278/1455/796
f 1278/1456/808 1274/1457/808 1276/1458/808
f 1272/1459/796 1266/1460/796 1270/1461/796
f 1287/1432/800 1284/1431/800 1283/1433/800
f 1283/1435/793 1282/1434/793 1281/1436/793
f 1281/1438/808 1286/1437/808 1285/1439/808
f 1285/1436/794 1288/1440/794 1287/1435/794
f 1283/1443/792 1285/1462/792 1287/1441/792
f 1290/1445/808 1291/1444/808 1289/1446/808
f 1289/1448/793 1293/1447/793 1290/1449/793
f 1289/1451/792 1296/1450/792 1295/1452/792
f 1294/1447/794 1291/1448/794 1292/1449/794
f 1293/1454/800 1296/1453/800 1294/1455/800
f 1290/1457/796 1294/1456/796 1292/1458/796
f 1286/1461/796 1284/1463/796 1288/1459/796
f 1005/1289/845 982/1464/845 989/1290/845
f 989/1290/845 991/1465/845 990/1466/845
f 988/1291/845 1000/1345/845 1010/1339/845
f 989/1290/845 990/1466/845 988/1291/845
f 1010/1339/845 1005/1289/845 988/1291/845
f 980/1292/846 984/1341/846 989/1293/846
f 988/1295/847 990/1299/847 987/1296/847
f 991/1298/848 986/1300/848 987/1296/848
f 989/1293/849 984/1341/849 986/1300/850
f 984/1301/851 980/1467/851 1007/1302/851
f 1007/1302/851 1008/1322/851 985/1303/851
f 1008/1322/851 1001/1324/851 985/1303/851
f 985/1303/851 987/1468/851 984/1301/851
f 987/1468/851 986/1469/851 984/1301/851
f 1029/1304/852 1030/1346/852 1026/1305/852
f 996/1307/853 997/1470/853 998/1308/853
f 992/1310/854 993/1347/854 997/1311/854
f 995/1313/855 994/1342/855 993/1314/855
f 997/1316/851 993/1343/851 994/1317/851
f 985/1319/856 1001/1331/856 1000/1320/856
f 1008/1322/851 1002/1338/851 981/1323/851
f 983/1327/857 981/1471/857 1002/1325/857
f 1002/1325/857 1003/1344/857 1004/1326/857
f 980/1328/858 982/1472/858 1005/1329/858
f 1001/1331/856 981/1471/856 983/1327/856
f 1006/1473/859 1005/1289/859 1009/1334/859
f 1005/1289/859 1010/1339/859 1009/1334/859
f 1010/1339/859 1004/1332/859 1009/1334/859
f 1009/1335/860 1008/1322/860 1007/1302/860
f 1009/1335/860 1003/1474/860 1002/1338/860
f 1010/1339/845 1000/1345/845 983/1340/845
f 1036/1289/861 1041/1339/861 1019/1291/861
f 1041/1339/861 1031/1345/861 1019/1291/861
f 1019/1291/861 1021/1466/861 1020/1290/861
f 1021/1466/861 1022/1465/861 1020/1290/861
f 1020/1290/861 1013/1464/861 1036/1289/861
f 1013/1294/862 1020/1293/862 1015/1341/862
f 1019/1295/863 1016/1297/863 1018/1296/863
f 1018/1296/864 1017/1300/864 1022/1298/864
f 1017/1300/865 1015/1341/865 1020/1293/865
f 1038/1302/866 1011/1467/866 1015/1301/866
f 1015/1301/866 1017/1469/866 1018/1468/866
f 1016/1303/866 1032/1324/866 1039/1322/866
f 1015/1301/866 1018/1468/866 1016/1303/866
f 1039/1322/866 1038/1302/866 1016/1303/866
f 1029/1308/867 1028/1470/867 1027/1307/867
f 1028/1311/868 1024/1347/868 1023/1310/868
f 1026/1313/869 1023/1315/869 1024/1314/869
f 1028/1316/866 1029/1318/866 1025/1317/866
f 1016/1319/870 1019/1321/870 1031/1320/870
f 1039/1322/866 1032/1324/866 1012/1323/866
f 1033/1325/871 1012/1471/871 1014/1327/871
f 1014/1327/871 1035/1326/871 1033/1325/871
f 1036/1329/872 1013/1472/872 1011/1328/872
f 1014/1327/870 1012/1471/870 1032/1331/870
f 1041/1339/873 1036/1289/873 1040/1334/873
f 1036/1289/873 1037/1473/873 1040/1334/873
f 1040/1334/873 1034/1333/873 1035/1332/873
f 1038/1302/874 1039/1322/874 1040/1335/874
f 1033/1338/874 1034/1474/874 1040/1335/874
f 1041/1339/861 1035/1332/861 1014/1340/861
f 998/1304/875 994/1306/875 995/1305/875
f 1067/1289/866 1072/1339/866 1050/1291/866
f 1072/1339/866 1062/1345/866 1050/1291/866
f 1050/1291/866 1052/1466/866 1051/1290/866
f 1052/1466/866 1053/1465/866 1051/1290/866
f 1051/1290/866 1044/1464/866 1067/1289/866
f 1044/1294/876 1051/1293/877 1046/1341/877
f 1047/1297/878 1049/1296/878 1052/1299/878
f 1049/1296/879 1048/1300/879 1053/1298/879
f 1048/1300/880 1046/1341/880 1051/1293/880
f 1069/1302/861 1042/1467/861 1046/1301/861
f 1046/1301/861 1048/1469/861 1049/1468/861
f 1047/1303/861 1063/1324/861 1070/1322/861
f 1046/1301/861 1049/1468/861 1047/1303/861
f 1070/1322/861 1069/1302/861 1047/1303/861
f 1091/1304/881 1087/1306/881 1088/1305/881
f 1060/1308/882 1059/1470/882 1058/1307/882
f 1059/1311/883 1055/1347/883 1054/1310/883
f 1057/1313/884 1054/1315/884 1055/1314/884
f 1056/1317/861 1055/1343/861 1059/1316/861
f 1047/1319/885 1050/1321/885 1062/1320/885
f 1070/1322/861 1063/1324/861 1043/1323/861
f 1064/1325/886 1043/1471/886 1045/1327/886
f 1045/1327/886 1066/1326/886 1064/1325/886
f 1067/1329/887 1044/1472/887 1042/1328/887
f 1045/1327/885 1043/1471/885 1063/1331/885
f 1072/1339/888 1067/1289/888 1071/1334/888
f 1067/1289/888 1068/1473/888 1071/1334/888
f 1071/1334/888 1065/1333/888 1066/1332/888
f 1069/1302/889 1070/1322/889 1071/1335/889
f 1064/1338/889 1065/1474/889 1071/1335/889
f 1072/1339/866 1066/1332/866 1045/1340/866
f 1098/1289/851 1075/1464/851 1082/1290/851
f 1082/1290/851 1084/1465/851 1083/1466/851
f 1081/1291/851 1093/1345/851 1103/1339/851
f 1082/1290/851 1083/1466/851 1081/1291/851
f 1103/1339/851 1098/1289/851 1081/1291/851
f 1077/1341/890 1082/1293/890 1075/1294/890
f 1081/1295/891 1083/1299/891 1080/1296/891
f 1084/1298/892 1079/1300/892 1080/1296/892
f 1082/1293/893 1077/1341/893 1079/1300/893
f 1077/1301/845 1073/1467/845 1100/1302/845
f 1100/1302/845 1101/1322/845 1078/1303/845
f 1101/1322/845 1094/1324/845 1078/1303/845
f 1078/1303/845 1080/1468/845 1077/1301/845
f 1080/1468/845 1079/1469/845 1077/1301/845
f 1089/1307/894 1090/1470/894 1091/1308/894
f 1090/1311/895 1089/1312/895 1085/1310/895
f 1088/1313/896 1087/1342/896 1086/1314/896
f 1090/1316/845 1086/1343/845 1087/1317/845
f 1078/1319/897 1094/1331/897 1093/1320/897
f 1101/1322/845 1095/1338/845 1074/1323/845
f 1076/1327/898 1074/1471/898 1097/1326/898
f 1074/1471/898 1095/1325/898 1097/1326/898
f 1073/1328/899 1075/1472/899 1098/1329/899
f 1094/1331/897 1074/1471/897 1076/1327/897
f 1099/1473/900 1098/1289/900 1102/1334/900
f 1098/1289/900 1103/1339/900 1102/1334/900
f 1103/1339/900 1097/1332/900 1102/1334/900
f 1102/1335/901 1101/1322/901 1100/1302/901
f 1102/1335/901 1096/1474/901 1095/1338/901
f 1103/1339/851 1093/1345/851 1076/1340/851
f 1057/1305/902 1056/1306/902 1060/1304/902
f 1124/1348/903 1106/1475/903 1107/1349/903
f 1107/1349/903 1106/1475/903 1105/1351/903
f 1116/1353/904 1115/1476/904 1108/1354/904
f 1105/1351/903 1116/1477/903 1109/1356/903
f 1115/1357/905 1118/1478/905 1120/1358/905
f 1114/1360/906 1120/1366/912 1119/1361/907
f 1112/1363/909 1110/1362/908 1119/1361/907
f 1121/1367/913 1122/1479/913 1124/1348/913
f 1117/1370/915 1112/1480/905 1113/1481/986
f 1113/1481/986 1122/1482/987 1117/1370/915
f 1122/1482/987 1121/1483/988 1117/1370/915
f 1121/1483/988 1111/1368/914 1117/1370/915
f 1106/1371/916 1113/1380/916 1112/1372/916
f 1116/1376/917 1105/1484/917 1118/1374/917
f 1105/1484/917 1112/1485/917 1118/1374/917
f 1124/1377/793 1122/1381/793 1113/1378/793
f 1107/1371/918 1104/1373/918 1114/1372/918
f 1114/1485/920 1104/1484/920 1120/1374/920
f 1104/1484/920 1109/1376/920 1120/1374/920
f 1123/1377/794 1107/1379/794 1111/1378/794
f 1139/1385/923 1140/1401/923 1132/1386/924
f 1131/1486/800 1133/1487/800 1129/1390/800
f 1133/1487/800 1135/1388/800 1129/1390/800
f 1135/1388/800 1138/1488/800 1126/1389/800
f 1138/1488/800 1143/1489/800 1126/1389/800
f 1143/1489/800 1141/1490/820 1126/1389/800
f 1126/1389/800 1125/1491/800 1142/1492/800
f 1142/1492/800 1130/1493/800 1126/1389/800
f 1130/1493/800 1129/1390/800 1126/1389/800
f 1129/1390/800 1139/1494/800 1131/1486/800
f 1132/1386/924 1134/1398/861 1133/1394/861
f 1128/1396/930 1140/1401/923 1139/1385/923
f 1134/1398/861 1136/1495/931 1135/1399/931
f 1125/1385/932 1147/1401/933 1144/1386/866
f 1144/1386/866 1145/1398/923 1130/1394/923
f 1150/1396/887 1147/1401/933 1125/1385/932
f 1145/1398/923 1128/1495/872 1129/1399/872
f 1151/1398/933 1150/1495/939 1126/1399/934
f 1136/1396/935 1148/1401/861 1138/1385/861
f 1143/1387/936 1152/1386/936 1151/1398/933
f 1138/1385/861 1148/1401/861 1152/1386/936
f 1154/1398/933 1155/1495/939 1179/1399/939
f 1161/1386/866 1160/1398/923 1175/1394/923
f 1173/1386/925 1171/1398/861 1172/1394/861
f 1155/1396/887 1158/1401/932 1180/1385/933
f 1180/1385/933 1158/1401/932 1161/1386/866
f 1169/1396/940 1157/1401/861 1167/1385/861
f 1174/1486/800 1172/1487/989 1170/1388/800
f 1170/1388/800 1167/1488/820 1162/1489/820
f 1162/1489/820 1164/1490/820 1179/1389/800
f 1179/1389/800 1180/1491/800 1163/1492/800
f 1163/1492/800 1175/1493/800 1176/1390/800
f 1176/1390/800 1166/1494/800 1170/1388/800
f 1166/1494/800 1174/1486/800 1170/1388/800
f 1170/1388/800 1162/1489/820 1179/1389/800
f 1179/1389/800 1163/1492/800 1176/1390/800
f 1160/1398/923 1177/1495/872 1176/1399/872
f 1153/1386/936 1154/1398/933 1164/1394/933
f 1171/1398/861 1169/1495/931 1170/1399/931
f 1167/1385/861 1157/1401/861 1153/1386/936
f 1176/1397/930 1177/1396/930 1165/1401/923
f 1166/1385/923 1165/1401/923 1173/1386/925
f 1184/1408/861 1186/1413/936 1185/1409/936
f 1186/1413/936 1188/1430/932 1187/1414/932
f 1187/1414/932 1188/1430/932 1190/1418/866
f 1190/1418/866 1192/1426/923 1191/1422/923
f 1192/1426/923 1194/1428/925 1193/1427/925
f 1194/1428/925 1184/1496/861 1183/1429/861
f 1209/1385/955 1201/1387/961 1202/1386/956
f 1205/1388/800 1203/1487/800 1199/1390/800
f 1203/1487/800 1201/1486/800 1199/1390/800
f 1201/1486/800 1209/1494/800 1199/1390/800
f 1199/1390/800 1200/1493/800 1196/1389/800
f 1200/1493/800 1212/1492/800 1196/1389/800
f 1212/1492/800 1195/1491/800 1196/1389/800
f 1196/1389/800 1211/1490/800 1213/1489/800
f 1213/1489/800 1208/1488/800 1196/1389/800
f 1208/1488/800 1205/1388/800 1196/1389/800
f 1203/1394/851 1204/1398/851 1202/1386/956
f 1209/1385/955 1210/1401/957 1198/1396/963
f 1205/1399/964 1206/1495/964 1204/1398/851
f 1195/1385/965 1212/1387/845 1214/1386/845
f 1200/1394/955 1215/1398/957 1214/1386/845
f 1195/1385/965 1217/1401/965 1220/1396/858
f 1199/1399/899 1198/1495/899 1215/1398/957
f 1196/1399/966 1220/1495/966 1221/1398/965
f 1208/1385/851 1218/1401/851 1206/1396/967
f 1211/1394/965 1221/1398/965 1222/1386/968
f 1208/1385/851 1213/1387/969 1222/1386/968
f 1249/1399/966 1225/1495/966 1224/1398/965
f 1245/1394/955 1230/1398/957 1231/1386/845
f 1242/1394/851 1241/1398/851 1243/1386/956
f 1250/1385/973 1228/1401/965 1225/1396/858
f 1250/1385/973 1233/1387/845 1231/1386/845
f 1237/1385/851 1227/1401/851 1239/1396/967
f 1240/1388/800 1242/1487/800 1244/1486/800
f 1244/1486/800 1236/1494/800 1240/1388/800
f 1236/1494/800 1246/1390/800 1240/1388/800
f 1246/1390/800 1245/1493/800 1233/1492/800
f 1233/1492/800 1250/1491/820 1249/1389/800
f 1249/1389/800 1234/1490/820 1232/1489/800
f 1232/1489/800 1237/1488/820 1240/1388/800
f 1246/1390/800 1233/1492/800 1249/1389/800
f 1249/1389/800 1232/1489/800 1240/1388/800
f 1246/1399/899 1247/1495/899 1230/1398/957
f 1234/1394/970 1224/1398/965 1223/1386/968
f 1240/1399/964 1239/1495/964 1241/1398/851
f 1237/1385/851 1232/1387/968 1223/1386/968
f 1236/1385/957 1235/1401/955 1247/1396/963
f 1236/1385/957 1244/1387/972 1243/1386/956
f 1255/1409/968 1256/1413/968 1254/1408/851
f 1257/1414/973 1258/1430/973 1256/1413/968
f 1257/1414/973 1259/1419/845 1260/1418/845
f 1261/1422/957 1262/1426/957 1260/1418/845
f 1263/1427/972 1264/1428/972 1262/1426/957
f 1253/1429/851 1254/1496/851 1264/1428/972
f 1268/1431/800 1272/1497/800 1271/1432/800
f 1266/1434/794 1268/1440/794 1267/1435/794
f 1270/1437/808 1266/1498/808 1265/1438/808
f 1272/1440/793 1270/1434/793 1269/1436/793
f 1271/1441/792 1269/1462/792 1265/1442/792
f 1275/1444/792 1276/1499/792 1274/1445/792
f 1277/1447/794 1279/1500/794 1273/1448/794
f 1280/1450/800 1275/1501/800 1273/1451/800
f 1275/1448/793 1280/1500/793 1278/1447/793
f 1280/1453/796 1279/1502/796 1277/1454/796
f 1278/1456/808 1277/1503/808 1274/1457/808
f 1272/1459/796 1268/1463/796 1266/1460/796
f 1287/1432/800 1288/1497/800 1284/1431/800
f 1283/1435/793 1284/1440/793 1282/1434/793
f 1281/1438/808 1282/1498/808 1286/1437/808
f 1285/1436/794 1286/1434/794 1288/1440/794
f 1283/1443/792 1281/1442/792 1285/1462/792
f 1290/1445/808 1292/1499/808 1291/1444/808
f 1289/1448/793 1295/1500/793 1293/1447/793
f 1289/1451/792 1291/1501/792 1296/1450/792
f 1294/1447/794 1296/1500/794 1291/1448/794
f 1293/1454/800 1295/1502/800 1296/1453/800
f 1290/1457/796 1293/1503/796 1294/1456/796
f 1286/1461/796 1282/1460/796 1284/1463/796
f 1311/1504/792 1309/1505/792 1306/1506/792
f 1297/1507/990 1315/1508/990 1298/1509/990
f 1317/1510/794 1299/1511/794 1309/1512/794
f 1298/1513/793 1315/1514/793 1306/1515/793
f 1309/1516/991 1308/1517/991 1306/1518/991
f 1302/1519/992 1301/1520/992 1300/1521/992
f 1304/1520/993 1305/1519/993 1303/1522/993
f 1302/1523/994 1312/1524/994 1313/1525/994
f 1300/1526/995 1305/1527/995 1302/1523/995
f 1336/1528/990 1321/1529/990 1319/1530/990
f 1307/1531/800 1297/1532/800 1308/1533/800
f 1310/1534/996 1316/1535/996 1318/1536/996
f 1301/1537/997 1312/1538/997 1304/1539/997
f 1317/1540/998 1318/1541/998 1316/1542/998
f 1333/1504/792 1331/1505/792 1332/1543/792
f 1337/1508/999 1319/1507/999 1320/1509/999
f 1331/1512/793 1329/1544/793 1321/1511/793
f 1320/1513/794 1330/1545/794 1328/1515/794
f 1330/1517/991 1331/1516/991 1328/1518/991
f 1323/1520/1000 1324/1519/1000 1322/1521/1000
f 1327/1519/1001 1326/1520/1001 1325/1522/1001
f 1334/1524/1002 1324/1523/994 1335/1525/1002
f 1327/1527/995 1322/1526/995 1324/1523/995
f 1330/1533/800 1319/1532/800 1329/1531/800
f 1338/1535/1003 1332/1534/1003 1340/1536/1003
f 1323/1537/997 1334/1538/997 1335/1546/997
f 1338/1542/1004 1339/1540/1004 1336/1547/1004
f 1368/1548/794 1359/1549/794 1361/1550/794
f 1365/1551/794 1366/1552/794 1346/1553/794
f 1353/1554/794 1354/1555/794 1356/1556/794
f 1344/1557/792 1366/1552/792 1347/1558/792
f 1351/1559/796 1342/1560/796 1350/1561/796
f 1355/1562/796 1356/1563/796 1354/1564/796
f 1350/1565/1005 1354/1566/1005 1351/1567/1005
f 1353/1568/1006 1357/1569/1006 1352/1570/1006
f 1360/1571/796 1343/1572/796 1369/1573/796
f 1342/1574/1007 1365/1575/1007 1344/1576/1007
f 1369/1577/808 1365/1578/808 1345/1579/808
f 1364/1580/800 1363/1581/800 1341/1582/800
f 1364/1583/1008 1347/1558/1008 1366/1552/1008
f 1367/1584/792 1364/1580/792 1365/1585/792
f 1353/1586/796 1341/1587/796 1362/1588/796
f 1314/1528/999 1299/1529/999 1317/1589/999
f 1367/1551/793 1376/1552/793 1363/1590/793
f 1362/1554/793 1372/1555/793 1360/1591/793
f 1368/1557/792 1376/1552/792 1370/1553/792
f 1374/1563/796 1373/1562/796 1372/1564/796
f 1372/1566/1009 1359/1565/1009 1360/1567/1009
f 1375/1569/1006 1362/1568/1006 1361/1570/1006
f 1371/1558/1008 1363/1583/1008 1376/1552/1008
f 1367/1575/1010 1369/1592/1010 1343/1574/1010
f 1352/1550/793 1355/1593/793 1350/1549/793
f 1311/1504/792 1310/1543/792 1309/1505/792
f 1297/1507/990 1314/1594/990 1315/1508/990
f 1307/1544/794 1309/1512/794 1299/1511/794
f 1309/1512/794 1310/1595/794 1317/1510/794
f 1310/1595/794 1318/1596/794 1317/1510/794
f 1316/1597/793 1311/1598/793 1315/1514/793
f 1311/1598/793 1306/1515/793 1315/1514/793
f 1306/1515/793 1308/1545/793 1298/1513/793
f 1309/1516/991 1307/1599/991 1308/1517/991
f 1302/1519/992 1313/1600/992 1301/1520/992
f 1304/1520/993 1312/1601/993 1305/1519/993
f 1302/1523/994 1305/1527/994 1312/1524/994
f 1300/1526/995 1303/1602/995 1305/1527/995
f 1336/1528/990 1339/1589/990 1321/1529/990
f 1299/1603/800 1297/1532/800 1307/1531/800
f 1297/1532/800 1298/1604/800 1308/1533/800
f 1310/1534/996 1311/1605/996 1316/1535/996
f 1301/1537/997 1313/1546/997 1312/1538/997
f 1316/1542/998 1315/1606/998 1314/1547/998
f 1314/1547/998 1317/1540/998 1316/1542/998
f 1333/1504/792 1328/1506/792 1331/1505/792
f 1337/1508/999 1336/1594/999 1319/1507/999
f 1321/1511/793 1339/1510/793 1331/1512/793
f 1339/1510/793 1340/1596/793 1332/1595/793
f 1331/1512/793 1339/1510/793 1332/1595/793
f 1328/1515/794 1333/1598/794 1337/1514/794
f 1333/1598/794 1338/1597/794 1337/1514/794
f 1337/1514/794 1320/1513/794 1328/1515/794
f 1330/1517/991 1329/1599/991 1331/1516/991
f 1323/1520/1000 1335/1600/1000 1324/1519/1000
f 1327/1519/1001 1334/1601/1001 1326/1520/1001
f 1334/1524/1002 1327/1527/994 1324/1523/994
f 1327/1527/1011 1325/1602/1011 1322/1526/1011
f 1320/1604/800 1319/1532/800 1330/1533/800
f 1319/1532/800 1321/1603/800 1329/1531/800
f 1338/1535/1003 1333/1605/1003 1332/1534/1003
f 1323/1537/997 1326/1539/997 1334/1538/997
f 1336/1547/1004 1337/1606/1004 1338/1542/1004
f 1338/1542/1004 1340/1541/1004 1339/1540/1004
f 1341/1607/794 1349/1608/794 1361/1550/794
f 1349/1608/794 1371/1609/794 1361/1550/794
f 1371/1609/794 1368/1548/794 1361/1550/794
f 1368/1548/794 1343/1610/794 1359/1549/794
f 1359/1549/794 1373/1593/794 1361/1550/794
f 1373/1593/794 1375/1611/794 1361/1550/794
f 1365/1551/794 1364/1590/794 1366/1552/794
f 1353/1554/794 1351/1591/794 1354/1555/794
f 1344/1557/792 1346/1553/792 1366/1552/792
f 1351/1559/796 1345/1612/796 1342/1560/796
f 1355/1562/796 1357/1613/796 1356/1563/796
f 1350/1565/1005 1355/1614/1005 1354/1566/1005
f 1353/1568/1006 1356/1615/1006 1357/1569/1006
f 1360/1571/796 1359/1616/796 1343/1572/796
f 1345/1592/1007 1365/1575/1007 1342/1574/1007
f 1365/1575/1007 1346/1617/1007 1344/1576/1007
f 1369/1577/808 1367/1618/808 1365/1578/808
f 1363/1581/800 1349/1619/800 1341/1582/800
f 1341/1582/800 1358/1620/800 1364/1580/800
f 1358/1620/800 1348/1621/800 1364/1580/800
f 1364/1583/1008 1348/1622/1008 1347/1558/1008
f 1367/1584/792 1363/1581/792 1364/1580/792
f 1352/1623/796 1358/1624/796 1353/1586/796
f 1358/1624/796 1341/1587/796 1353/1586/796
f 1341/1587/796 1361/1625/796 1362/1588/796
f 1362/1588/796 1360/1571/796 1353/1586/796
f 1360/1571/796 1369/1573/796 1351/1559/796
f 1353/1586/796 1360/1571/796 1351/1559/796
f 1369/1573/796 1345/1612/796 1351/1559/796
f 1314/1528/999 1297/1530/999 1299/1529/999
f 1367/1551/793 1370/1553/793 1376/1552/793
f 1362/1554/793 1374/1556/793 1372/1555/793
f 1368/1557/792 1371/1558/792 1376/1552/792
f 1374/1563/796 1375/1613/796 1373/1562/796
f 1372/1566/1009 1373/1614/1009 1359/1565/1009
f 1375/1569/1006 1374/1615/1006 1362/1568/1006
f 1371/1558/1008 1349/1622/1008 1363/1583/1008
f 1343/1574/1010 1368/1576/1010 1367/1575/1010
f 1368/1576/1010 1370/1617/1010 1367/1575/1010
f 1342/1610/793 1344/1548/793 1350/1549/793
f 1344/1548/793 1347/1609/793 1352/1550/793
f 1350/1549/793 1344/1548/793 1352/1550/793
f 1347/1609/793 1348/1608/793 1352/1550/793
f 1348/1608/793 1358/1607/793 1352/1550/793
f 1352/1550/793 1357/1611/793 1355/1593/793
f 1378/1626/1012 1379/1627/1012 1383/1628/1012
f 1380/1629/1013 1383/1630/1013 1381/1631/1013
f 1384/1629/1014 1379/1630/1014 1382/1632/1014
f 1381/1633/1015 1379/1634/1015 1377/1635/1015
f 1382/1636/1016 1380/1637/1016 1384/1638/1016
f 1384/1639/1017 1381/1640/1017 1377/1641/1017
f 1387/1627/1018 1386/1626/1018 1391/1628/1018
f 1391/1630/1019 1388/1629/1019 1389/1631/1019
f 1392/1629/1020 1387/1630/1020 1385/1631/1020
f 1385/1635/1021 1391/1642/1021 1389/1633/1021
f 1392/1638/1022 1386/1643/1022 1390/1636/1022
f 1388/1644/1023 1385/1641/1023 1389/1640/1023
f 1403/1645/1024 1402/1646/1024 1401/1647/1024
f 1397/1648/1024 1399/1649/1024 1394/1650/1024
f 1402/1651/1025 1407/1652/1025 1408/1653/1025
f 1411/1654/1026 1393/1655/1026 1396/1656/1026
f 1400/1657/1027 1401/1658/1027 1399/1659/1027
f 1399/1660/1020 1401/1661/1020 1409/1662/1020
f 1398/1663/1028 1394/1664/1028 1395/1665/1028
f 1406/1666/1029 1396/1667/1029 1393/1668/1029
f 1408/1669/1030 1405/1670/1030 1406/1671/1030
f 1398/1672/1026 1410/1673/1026 1412/1674/1026
f 1411/1675/1031 1410/1676/1031 1409/1677/1031
f 1413/1678/1032 1416/1679/1033 1415/1680/1033
f 1419/1681/1034 1418/1682/1034 1417/1683/1034
f 1418/1684/1026 1416/1685/1026 1414/1686/1026
f 1415/1687/1024 1417/1688/1024 1413/1689/1024
f 1416/1679/1035 1419/1681/1035 1415/1680/1035
f 1428/1690/1013 1431/1691/1013 1439/1692/1013
f 1435/1693/1036 1430/1694/1037 1436/1695/1036
f 1437/1696/1038 1424/1697/1038 1421/1698/1038
f 1423/1699/1039 1425/1700/1039 1426/1701/1039
f 1437/1702/1014 1421/1703/1014 1436/1704/1014
f 1427/1705/1040 1425/1706/1040 1422/1707/1040
f 1430/1708/1040 1431/1709/1040 1429/1710/1040
f 1429/1711/1041 1428/1712/1041 1427/1713/1041
f 1424/1714/1042 1434/1715/1042 1421/1716/1042
f 1433/1717/1043 1436/1718/1036 1434/1719/1043
f 1440/1720/1038 1423/1721/1038 1426/1722/1038
f 1439/1723/1044 1438/1724/1044 1440/1725/1044
f 1441/1726/1045 1444/1727/1045 1442/1728/1045
f 1446/1729/1046 1447/1730/1046 1445/1731/1046
f 1444/1732/1038 1446/1733/1038 1442/1734/1038
f 1443/1735/1040 1445/1736/1040 1447/1737/1040
f 1444/1727/1047 1447/1730/1047 1448/1738/1047
f 1449/1739/1048 1456/1740/808 1450/1741/1049
f 1450/1742/1050 1476/1743/793 1475/1744/1050
f 1450/1741/1049 1456/1740/808 1451/1745/1051
f 1451/1746/793 1477/1747/1052 1476/1743/793
f 1451/1745/1051 1456/1740/808 1452/1748/1053
f 1452/1749/1052 1478/1750/792 1477/1747/1052
f 1452/1748/1053 1456/1740/808 1453/1751/1054
f 1453/1752/792 1479/1753/1055 1478/1754/792
f 1453/1755/1054 1456/1740/808 1454/1756/1056
f 1454/1757/1055 1480/1758/794 1479/1753/1055
f 1454/1756/1056 1456/1740/808 1455/1759/1057
f 1455/1760/794 1481/1761/1058 1480/1758/794
f 1455/1759/1057 1456/1740/808 1457/1762/1059
f 1481/1761/1058 1449/1763/796 1474/1764/796
f 1457/1762/1059 1456/1740/808 1449/1739/1048
f 1469/1765/1060 1460/1766/1060 1466/1767/1060
f 1470/1768/1061 1465/1769/1061 1473/1770/1061
f 1469/1771/793 1465/1772/793 1461/1773/793
f 1465/1774/792 1460/1775/792 1461/1776/792
f 1462/1777/1062 1459/1778/1062 1458/1779/1062
f 1463/1780/793 1468/1781/793 1459/1782/793
f 1471/1783/1063 1463/1784/1063 1462/1785/1063
f 1459/1786/1064 1467/1787/1064 1458/1788/1064
f 1476/1789/1065 1477/1790/1066 1482/1791/800
f 1449/1763/796 1475/1744/1050 1474/1764/796
f 1474/1792/1067 1475/1793/1068 1482/1791/800
f 1481/1794/1069 1474/1792/1067 1482/1791/800
f 1479/1795/1070 1480/1796/1071 1482/1791/800
f 1477/1790/1066 1478/1797/1072 1482/1791/800
f 1475/1793/1068 1476/1789/1065 1482/1791/800
f 1480/1796/1071 1481/1794/1069 1482/1791/800
f 1478/1798/1072 1479/1795/1070 1482/1791/800
f 1460/1773/794 1470/1799/794 1466/1771/794
f 1467/1781/794 1462/1780/794 1458/1782/794
f 1491/1800/808 1523/1801/808 1497/1802/844
f 1509/1803/1073 1513/1804/1073 1507/1805/1073
f 1492/1806/793 1521/1807/793 1503/1808/793
f 1504/1809/792 1485/1810/792 1483/1811/792
f 1500/1812/796 1511/1813/796 1486/1814/796
f 1493/1815/1074 1492/1816/1074 1495/1817/1074
f 1487/1818/792 1497/1819/792 1501/1820/792
f 1490/1821/800 1494/1822/800 1493/1823/800
f 1508/1824/808 1506/1825/808 1512/1826/808
f 1488/1827/796 1502/1828/796 1498/1829/796
f 1485/1830/800 1500/1831/800 1486/1832/800
f 1509/1833/792 1515/1834/792 1514/1835/792
f 1516/1836/793 1514/1837/793 1515/1838/793
f 1512/1839/1075 1507/1840/1075 1513/1841/1075
f 1499/1842/796 1523/1843/796 1505/1844/796
f 1499/1845/1076 1490/1846/1077 1489/1847/1076
f 1516/1848/800 1515/1849/800 1509/1850/800
f 1495/1851/1078 1520/1852/1078 1519/1853/1078
f 1500/1854/793 1503/1808/793 1518/1855/793
f 1484/1856/808 1501/1857/808 1502/1858/808
f 1519/1859/800 1504/1860/800 1483/1861/800
f 1505/1862/793 1491/1863/793 1487/1864/793
f 1521/1865/808 1498/1866/808 1522/1867/808
f 1508/1824/808 1518/1868/808 1517/1869/808
f 1526/1870/808 1525/1871/808 1527/1872/808
f 1518/1873/792 1525/1874/792 1517/1875/792
f 1522/1876/796 1526/1877/796 1521/1878/796
f 1531/1879/800 1534/1880/800 1530/1881/800
f 1535/1882/793 1532/1883/793 1534/1884/793
f 1533/1885/808 1528/1886/808 1532/1887/808
f 1542/1888/1079 1539/1889/1080 1538/1890/1079
f 1540/1891/1081 1537/1892/1082 1536/1893/1081
f 1539/1889/1080 1540/1894/1081 1536/1895/1081
f 1537/1892/1082 1542/1888/1079 1538/1890/1079
f 1541/1896/1083 1544/1897/796 1542/1898/1084
f 1542/1898/1084 1544/1897/796 1543/1899/1085
f 1543/1899/1085 1544/1897/796 1540/1900/1086
f 1540/1901/1086 1544/1897/796 1541/1896/1083
f 1522/1807/794 1517/1855/794 1524/1902/794
f 1546/1837/794 1511/1836/794 1510/1838/794
f 1486/1854/794 1546/1837/794 1508/1903/794
f 1493/1904/794 1502/1905/794 1501/1864/794
f 1528/1883/794 1531/1882/794 1530/1884/794
f 1509/1803/1087 1545/1804/1087 1546/1906/1087
f 1509/1833/792 1546/1835/792 1510/1834/792
f 1508/1839/1088 1507/1840/1088 1506/1907/1088
f 1548/1908/796 1550/1909/796 1549/1910/796
f 1547/1911/1089 1550/1912/1089 1551/1913/1089
f 1554/1914/793 1549/1915/793 1547/1916/793
f 1563/1917/1090 1572/1918/1090 1562/1919/1090
f 1557/1920/1091 1565/1921/1091 1556/1922/1091
f 1554/1923/1092 1553/1924/1092 1552/1925/1092
f 1564/1926/1093 1562/1927/1093 1565/1928/1093
f 1561/1929/1094 1558/1930/1094 1559/1931/1094
f 1556/1932/1095 1560/1933/1095 1557/1934/1095
f 1573/1935/792 1559/1936/792 1572/1937/792
f 1569/1938/1096 1566/1939/1096 1568/1940/1096
f 1567/1941/1097 1568/1942/1097 1566/1943/1097
f 1571/1944/792 1566/1943/792 1570/1945/792
f 1571/1944/1098 1570/1945/1098 1569/1946/1098
f 1565/1947/793 1559/1948/793 1556/1949/793
f 1577/1950/800 1580/1951/800 1576/1952/800
f 1581/1953/793 1578/1954/793 1580/1955/793
f 1579/1956/808 1574/1957/808 1578/1958/808
f 1580/1959/792 1574/1960/792 1576/1961/792
f 1577/1962/796 1579/1963/796 1581/1964/796
f 1550/1912/1099 1582/1911/1099 1551/1913/1099
f 1548/1915/794 1555/1914/794 1582/1916/794
f 1567/1939/1100 1569/1938/1100 1568/1940/1100
f 1561/1948/794 1573/1965/794 1564/1947/794
f 1574/1954/794 1577/1953/794 1576/1955/794
f 1411/1662/1019 1396/1966/1101 1407/1967/1101
f 1378/1626/1012 1382/1968/1012 1379/1627/1012
f 1380/1629/1013 1378/1632/1013 1383/1630/1013
f 1384/1629/1014 1377/1631/1014 1379/1630/1014
f 1381/1633/1015 1383/1642/1015 1379/1634/1015
f 1382/1636/1016 1378/1643/1016 1380/1637/1016
f 1384/1639/1017 1380/1644/1017 1381/1640/1017
f 1387/1627/1018 1390/1968/1018 1386/1626/1018
f 1391/1630/1019 1386/1632/1019 1388/1629/1019
f 1392/1629/1020 1390/1632/1020 1387/1630/1020
f 1385/1635/1021 1387/1634/1021 1391/1642/1021
f 1392/1638/1022 1388/1637/1022 1386/1643/1022
f 1388/1644/1023 1392/1639/1023 1385/1641/1023
f 1403/1645/1024 1404/1969/1024 1402/1646/1024
f 1397/1648/1024 1400/1970/1024 1399/1649/1024
f 1402/1651/1025 1404/1971/1025 1407/1652/1025
f 1411/1654/1026 1409/1972/1026 1393/1655/1026
f 1400/1657/1027 1403/1973/1027 1401/1658/1027
f 1406/1974/1102 1393/1966/1102 1408/1967/1102
f 1393/1966/1102 1409/1662/1020 1408/1967/1102
f 1410/1975/1020 1395/1976/1020 1394/1977/1020
f 1409/1662/1020 1410/1975/1020 1399/1660/1020
f 1408/1967/1102 1409/1662/1020 1401/1661/1020
f 1401/1661/1020 1402/1978/1020 1408/1967/1102
f 1410/1975/1020 1394/1977/1020 1399/1660/1020
f 1398/1663/1028 1397/1979/1028 1394/1664/1028
f 1406/1666/1029 1405/1980/1029 1396/1667/1029
f 1408/1669/1030 1407/1981/1030 1405/1670/1030
f 1398/1672/1026 1395/1982/1026 1410/1673/1026
f 1411/1675/1031 1412/1983/1031 1410/1676/1031
f 1413/1678/1032 1414/1984/1032 1416/1679/1033
f 1419/1681/1034 1420/1985/1103 1418/1682/1034
f 1418/1684/1026 1420/1986/1026 1416/1685/1026
f 1415/1687/1024 1419/1987/1024 1417/1688/1024
f 1416/1679/1035 1420/1985/1035 1419/1681/1035
f 1433/1988/1013 1424/1989/1013 1435/1990/1013
f 1424/1989/1013 1439/1692/1013 1435/1990/1013
f 1440/1991/1013 1426/1992/1013 1425/1993/1013
f 1439/1692/1013 1440/1991/1013 1428/1690/1013
f 1435/1990/1013 1439/1692/1013 1431/1691/1013
f 1431/1691/1013 1432/1994/1104 1435/1990/1013
f 1440/1991/1013 1425/1993/1013 1428/1690/1013
f 1435/1693/1036 1432/1995/1037 1430/1694/1037
f 1437/1696/1038 1439/1996/1038 1424/1697/1038
f 1423/1699/1039 1422/1997/1039 1425/1700/1039
f 1436/1704/1014 1430/1998/1014 1429/1999/1014
f 1427/2000/1014 1422/2001/1014 1438/2002/1014
f 1422/2001/1014 1423/2003/1014 1438/2002/1014
f 1436/1704/1014 1429/1999/1014 1437/1702/1014
f 1429/1999/1014 1427/2000/1014 1437/1702/1014
f 1421/1703/1014 1434/2004/1014 1436/1704/1014
f 1438/2002/1014 1437/1702/1014 1427/2000/1014
f 1427/1705/1040 1428/2005/1040 1425/1706/1040
f 1430/1708/1040 1432/2006/1040 1431/1709/1040
f 1429/1711/1041 1431/2007/1041 1428/1712/1041
f 1424/1714/1042 1433/2008/1042 1434/1715/1042
f 1433/1717/1043 1435/2009/1036 1436/1718/1036
f 1440/1720/1038 1438/2010/1038 1423/1721/1038
f 1439/1723/1044 1437/2011/1044 1438/1724/1044
f 1441/1726/1045 1443/2012/1045 1444/1727/1045
f 1446/1729/1046 1448/1738/1046 1447/1730/1046
f 1444/1732/1038 1448/2013/1038 1446/1733/1038
f 1443/1735/1040 1441/2014/1040 1445/1736/1040
f 1444/1727/1047 1443/2012/1047 1447/1730/1047
f 1450/1742/1050 1451/1746/793 1476/1743/793
f 1451/1746/793 1452/1749/1052 1477/1747/1052
f 1452/1749/1052 1453/2015/792 1478/1750/792
f 1453/1752/792 1454/1757/1055 1479/1753/1055
f 1454/1757/1055 1455/1760/794 1480/1758/794
f 1455/1760/794 1457/2016/1058 1481/1761/1058
f 1481/1761/1058 1457/2016/1058 1449/1763/796
f 1469/1765/1060 1461/2017/1060 1460/1766/1060
f 1470/1768/1061 1464/2018/1061 1465/1769/1061
f 1469/1771/793 1473/1799/793 1465/1772/793
f 1465/1774/792 1464/2019/792 1460/1775/792
f 1462/1777/1062 1463/2020/1062 1459/1778/1062
f 1463/1780/793 1472/2021/793 1468/1781/793
f 1471/1783/1063 1472/2022/1063 1463/1784/1063
f 1459/1786/1064 1468/2023/1064 1467/1787/1064
f 1449/1763/796 1450/1742/1050 1475/1744/1050
f 1460/1773/794 1464/1772/794 1470/1799/794
f 1467/1781/794 1471/2021/794 1462/1780/794
f 1491/1800/808 1505/2024/808 1523/1801/808
f 1509/1803/1073 1514/1906/1073 1513/1804/1073
f 1521/1807/793 1526/1902/793 1527/2025/793
f 1518/1855/793 1503/1808/793 1521/1807/793
f 1503/1808/793 1504/2026/793 1520/2027/793
f 1521/1807/793 1527/2025/793 1518/1855/793
f 1520/2027/793 1492/1806/793 1503/1808/793
f 1504/1809/792 1503/2028/792 1485/1810/792
f 1500/1812/796 1516/2029/796 1511/1813/796
f 1493/1815/1074 1494/2030/1074 1492/1816/1074
f 1487/1818/792 1491/2031/792 1497/1819/792
f 1490/1821/800 1496/2032/800 1494/1822/800
f 1488/1827/796 1484/2033/796 1502/1828/796
f 1485/1830/800 1503/2034/800 1500/1831/800
f 1516/1836/793 1500/1854/793 1514/1837/793
f 1512/1839/1075 1506/1907/1075 1507/1840/1075
f 1499/1842/796 1489/2035/796 1523/1843/796
f 1499/1845/1076 1496/2036/1077 1490/1846/1077
f 1509/1850/800 1510/2037/800 1511/2038/800
f 1511/2038/800 1516/1848/800 1509/1850/800
f 1495/1851/1078 1492/2039/1078 1520/1852/1078
f 1518/1855/793 1512/1903/793 1500/1854/793
f 1512/1903/793 1513/2040/793 1514/1837/793
f 1500/1854/793 1512/1903/793 1514/1837/793
f 1484/1856/808 1487/2041/808 1501/1857/808
f 1519/1859/800 1520/2042/800 1504/1860/800
f 1488/2043/793 1521/1807/793 1484/1905/793
f 1521/1807/793 1492/1806/793 1484/1905/793
f 1492/1806/793 1494/1904/793 1484/1905/793
f 1494/1904/793 1496/2044/793 1487/1864/793
f 1484/1905/793 1494/1904/793 1487/1864/793
f 1496/2044/793 1499/2045/793 1487/1864/793
f 1499/2045/793 1505/1862/793 1487/1864/793
f 1521/1865/808 1488/2046/808 1498/1866/808
f 1508/1824/808 1512/1826/808 1518/1868/808
f 1526/1870/808 1524/2047/808 1525/1871/808
f 1518/1873/792 1527/2048/792 1525/1874/792
f 1522/1876/796 1524/2049/796 1526/1877/796
f 1531/1879/800 1535/2050/800 1534/1880/800
f 1535/1882/793 1533/2051/793 1532/1883/793
f 1533/1885/808 1529/2052/808 1528/1886/808
f 1542/1888/1079 1543/2053/1080 1539/1889/1080
f 1540/1891/1081 1541/2054/1082 1537/1892/1082
f 1539/1889/1080 1543/2053/1080 1540/1894/1081
f 1537/1892/1082 1541/2054/1082 1542/1888/1079
f 1522/1807/794 1495/1806/794 1485/1808/794
f 1495/1806/794 1519/2027/794 1485/1808/794
f 1519/2027/794 1483/2026/794 1485/1808/794
f 1517/1855/794 1525/2025/794 1524/1902/794
f 1485/1808/794 1517/1855/794 1522/1807/794
f 1546/1837/794 1486/1854/794 1511/1836/794
f 1545/2040/794 1508/1903/794 1546/1837/794
f 1508/1903/794 1517/1855/794 1486/1854/794
f 1517/1855/794 1485/1808/794 1486/1854/794
f 1495/1806/794 1522/1807/794 1498/2043/794
f 1495/1806/794 1498/2043/794 1502/1905/794
f 1490/2044/794 1493/1904/794 1501/1864/794
f 1493/1904/794 1495/1806/794 1502/1905/794
f 1523/1862/794 1489/2055/794 1501/1864/794
f 1489/2055/794 1490/2044/794 1501/1864/794
f 1501/1864/794 1497/1863/794 1523/1862/794
f 1528/1883/794 1529/2051/794 1531/1882/794
f 1509/1803/1087 1507/1805/1087 1545/1804/1087
f 1508/1839/1088 1545/1841/1088 1507/1840/1088
f 1549/1910/796 1552/2056/796 1553/2057/796
f 1553/2057/796 1548/1908/796 1549/1910/796
f 1547/1911/1089 1549/2058/1089 1550/1912/1089
f 1554/1914/793 1552/2059/793 1549/1915/793
f 1563/1917/1090 1573/2060/1090 1572/1918/1090
f 1557/1920/1091 1564/2061/1091 1565/1921/1091
f 1554/1923/1092 1555/2062/1092 1553/1924/1092
f 1564/1926/1093 1563/2063/1093 1562/1927/1093
f 1561/1929/1094 1560/2064/1094 1558/1930/1094
f 1556/1932/1095 1558/2065/1095 1560/1933/1095
f 1573/1935/792 1561/2066/792 1559/1936/792
f 1569/1938/1096 1570/2067/1096 1566/1939/1096
f 1571/1944/792 1567/1941/792 1566/1943/792
f 1565/1947/793 1562/2068/793 1572/1965/793
f 1572/1965/793 1559/1948/793 1565/1947/793
f 1559/1948/793 1558/2069/793 1556/1949/793
f 1577/1950/800 1581/2070/800 1580/1951/800
f 1581/1953/793 1579/2071/793 1578/1954/793
f 1579/1956/808 1575/2072/808 1574/1957/808
f 1580/1959/792 1578/2073/792 1574/1960/792
f 1577/1962/796 1575/2074/796 1579/1963/796
f 1550/1912/1099 1548/2058/1099 1582/1911/1099
f 1548/1915/794 1553/2059/794 1555/1914/794
f 1567/1939/1100 1571/2067/1100 1569/1938/1100
f 1573/1965/794 1563/2068/794 1564/1947/794
f 1564/1947/794 1557/1949/794 1561/1948/794
f 1557/1949/794 1560/2069/794 1561/1948/794
f 1574/1954/794 1575/2071/794 1577/1953/794
f 1407/1967/1101 1404/1978/1019 1403/1661/1101
f 1400/1660/1019 1397/1977/1019 1412/1975/1019
f 1397/1977/1019 1398/1976/1019 1412/1975/1019
f 1407/1967/1101 1403/1661/1101 1411/1662/1019
f 1403/1661/1101 1400/1660/1019 1411/1662/1019
f 1396/1966/1101 1405/1974/1101 1407/1967/1101
f 1412/1975/1019 1411/1662/1019 1400/1660/1019
